Date,Impact_long,Impact_short
2017-11-30,0.0,9.0
2017-12-01,0.0,8.73
2017-12-02,0.0,8.48
2017-12-03,0.0,8.23
2017-12-04,0.0,7.98
2017-12-05,0.0,7.75
2017-12-06,0.0,7.52
2017-12-07,0.0,7.3
2017-12-08,0.0,7.08
2017-12-09,0.0,6.87
2017-12-10,0.0,6.67
2017-12-11,0.0,6.47
2017-12-12,0.0,6.28
2017-12-13,0.0,6.09
2017-12-14,0.0,5.91
2017-12-15,0.0,5.74
2017-12-16,0.0,5.57
2017-12-17,0.0,5.4
2017-12-18,0.0,-0.8799999999999999
2017-12-19,0.0,-0.8500000000000001
2017-12-20,0.0,-0.8249999999999997
2017-12-21,0.0,-0.8050000000000002
2017-12-22,0.0,-0.7799999999999998
2017-12-23,0.0,-0.7549999999999999
2017-12-24,0.0,-0.7349999999999999
2017-12-25,0.0,-0.71
2017-12-26,0.0,-0.69
2017-12-27,0.0,-0.6699999999999999
2017-12-28,0.0,-0.6500000000000001
2017-12-29,0.0,-0.6300000000000001
2017-12-30,0.0,-0.6099999999999999
2017-12-31,0.0,-0.5950000000000002
2018-01-01,0.0,-0.5749999999999997
2018-01-02,0.0,-0.56
2018-01-03,0.0,-0.54
2018-01-04,0.0,-0.5250000000000001
2018-01-05,0.0,-0.51
2018-01-06,0.0,-0.4949999999999999
2018-01-07,0.0,-0.48
2018-01-08,0.0,-0.47
2018-01-09,0.0,-0.45500000000000007
2018-01-10,0.0,-0.43999999999999995
2018-01-11,0.0,-0.43000000000000016
2018-01-12,0.0,-0.41500000000000004
2018-01-13,0.0,-0.405
2018-01-14,0.0,-0.3899999999999999
2018-01-15,0.0,-0.3800000000000001
2018-01-16,0.0,-0.365
2018-01-17,0.0,-0.3600000000000001
2018-01-18,0.0,-0.345
2018-01-19,0.0,-0.3350000000000002
2018-01-20,0.0,-0.32500000000000007
2018-01-21,0.0,-0.31500000000000006
2018-01-22,0.0,1.4633333333333332
2018-01-23,0.0,1.4166666666666667
2018-01-24,0.0,1.3766666666666667
2018-01-25,0.0,1.3366666666666667
2018-01-26,0.0,1.2966666666666666
2018-01-27,0.0,1.2566666666666666
2018-01-28,0.0,1.22
2018-01-29,0.0,1.1833333333333333
2018-01-30,0.0,1.1466666666666667
2018-01-31,0.0,1.1166666666666665
2018-02-01,0.0,1.0833333333333333
2018-02-02,0.0,1.05
2018-02-03,0.0,1.0200000000000002
2018-02-04,0.0,0.9900000000000001
2018-02-05,0.0,0.9633333333333333
2018-02-06,0.0,0.9333333333333332
2018-02-07,0.0,0.9033333333333333
2018-02-08,0.0,0.8766666666666666
2018-02-09,0.0,0.8500000000000001
2018-02-10,0.0,0.8266666666666668
2018-02-11,0.0,0.8033333333333333
2018-02-12,0.0,0.7799999999999999
2018-02-13,0.0,0.7533333333333333
2018-02-14,0.0,0.7333333333333333
2018-02-15,0.0,0.7100000000000001
2018-02-16,0.0,0.69
2018-02-17,0.0,0.6699999999999999
2018-02-18,0.0,0.65
2018-02-19,0.0,0.63
2018-02-20,0.0,0.61
2018-02-21,0.0,0.5933333333333333
2018-02-22,0.0,0.5733333333333334
2018-02-23,0.0,0.5566666666666666
2018-02-24,0.0,0.5433333333333333
2018-02-25,0.0,0.5266666666666667
2018-02-26,0.0,0.51
2018-02-27,0.0,0.49666666666666665
2018-02-28,0.0,0.48
2018-03-01,0.0,0.47000000000000003
2018-03-02,0.0,0.4533333333333333
2018-03-03,0.0,0.44
2018-03-04,0.0,0.4266666666666667
2018-03-05,0.0,0.4166666666666667
2018-03-06,0.0,0.40666666666666657
2018-03-07,0.0,0.39333333333333337
2018-03-08,0.0,0.38000000000000006
2018-03-09,0.0,0.3666666666666667
2018-03-10,0.0,0.3566666666666667
2018-03-11,0.0,0.3433333333333333
2018-03-12,0.0,0.3366666666666666
2018-03-13,0.0,0.32666666666666666
2018-03-14,0.0,0.3166666666666667
2018-03-15,0.0,0.31
2018-03-16,0.0,0.2966666666666667
2018-03-17,0.0,0.29
2018-03-18,0.0,0.27999999999999997
2018-03-19,0.0,0.27
2018-03-20,0.0,0.26333333333333336
2018-03-21,0.0,0.25666666666666665
2018-03-22,0.0,0.24666666666666667
2018-03-23,0.0,0.24333333333333332
2018-03-24,0.0,0.2333333333333333
2018-03-25,0.0,0.22999999999999998
2018-03-26,0.0,0.22333333333333336
2018-03-27,0.0,0.21333333333333335
2018-03-28,0.0,0.20666666666666667
2018-03-29,0.0,0.19999999999999996
2018-03-30,0.0,0.19666666666666668
2018-03-31,0.0,0.19000000000000003
2018-04-01,0.0,0.18333333333333335
2018-04-02,0.0,0.17666666666666667
2018-04-03,0.0,0.17333333333333334
2018-04-04,0.0,0.16999999999999996
2018-04-05,0.0,0.16666666666666666
2018-04-06,0.0,0.15666666666666668
2018-04-07,0.0,0.15333333333333335
2018-04-08,0.0,0.15
2018-04-09,0.0,-1.14
2018-04-10,0.0,-1.1075
2018-04-11,0.0,-1.075
2018-04-12,0.0,-1.0425
2018-04-13,0.0,-1.0125
2018-04-14,0.0,-0.98
2018-04-15,0.0,-0.955
2018-04-16,0.0,-0.9249999999999999
2018-04-17,0.0,-0.8975000000000001
2018-04-18,0.0,-0.8724999999999999
2018-04-19,0.0,-0.8450000000000001
2018-04-20,0.0,-0.8175
2018-04-21,0.0,-0.795
2018-04-22,0.0,-0.7725
2018-04-23,0.0,-0.75
2018-04-24,0.0,-0.7275
2018-04-25,0.0,-0.705
2018-04-26,0.0,-0.685
2018-04-27,0.0,-0.6625000000000001
2018-04-28,0.0,-0.6475
2018-04-29,0.0,-0.625
2018-04-30,0.0,-0.6075
2018-05-01,0.0,-0.59
2018-05-02,0.0,-0.5724999999999999
2018-05-03,0.0,-0.555
2018-05-04,0.0,-0.5375
2018-05-05,0.0,-0.5225
2018-05-06,0.0,-0.5075000000000001
2018-05-07,0.0,-0.49250000000000005
2018-05-08,0.0,-0.475
2018-05-09,0.0,-0.46499999999999997
2018-05-10,0.0,-0.45
2018-05-11,0.0,0.852
2018-05-12,0.0,0.8240000000000001
2018-05-13,0.0,0.8019999999999999
2018-05-14,0.0,0.7740000000000001
2018-05-15,0.0,0.7540000000000001
2018-05-16,0.0,0.7300000000000001
2018-05-17,0.0,0.71
2018-05-18,0.0,0.6880000000000001
2018-05-19,0.0,0.6679999999999999
2018-05-20,0.0,0.65
2018-05-21,0.0,0.6280000000000001
2018-05-22,0.0,0.61
2018-05-23,0.0,0.5940000000000001
2018-05-24,0.0,0.576
2018-05-25,0.0,0.558
2018-05-26,0.0,0.542
2018-05-27,0.0,0.526
2018-05-28,0.0,0.508
2018-05-29,0.0,0.496
2018-05-30,0.0,0.48200000000000004
2018-05-31,0.0,0.466
2018-06-01,0.0,0.454
2018-06-02,0.0,-0.9666666666666667
2018-06-03,0.0,-0.9383333333333334
2018-06-04,0.0,-0.9116666666666667
2018-06-05,0.0,-0.8833333333333333
2018-06-06,0.0,-0.8583333333333333
2018-06-07,0.0,-0.8333333333333334
2018-06-08,0.0,-0.8083333333333332
2018-06-09,0.0,-0.7833333333333335
2018-06-10,0.0,-0.7600000000000001
2018-06-11,0.0,-0.7400000000000001
2018-06-12,0.0,-0.7166666666666667
2018-06-13,0.0,-0.6933333333333334
2018-06-14,0.0,-0.6733333333333333
2018-06-15,0.0,-0.6549999999999999
2018-06-16,0.0,-0.6366666666666666
2018-06-17,0.0,-0.6166666666666666
2018-06-18,0.0,-0.5983333333333334
2018-06-19,0.0,-0.58
2018-06-20,0.0,-0.5633333333333334
2018-06-21,0.0,-0.5466666666666665
2018-06-22,0.0,-0.5316666666666666
2018-06-23,0.0,-0.5166666666666666
2018-06-24,0.0,-0.4983333333333333
2018-06-25,0.0,-0.4833333333333332
2018-06-26,0.0,-0.4683333333333333
2018-06-27,0.0,-0.4566666666666666
2018-06-28,0.0,-1.945
2018-06-29,0.0,-1.8883333333333334
2018-06-30,0.0,-1.8333333333333333
2018-07-01,0.0,-1.7783333333333333
2018-07-02,0.0,-1.7250000000000003
2018-07-03,0.0,-1.6766666666666667
2018-07-04,0.0,-1.625
2018-07-05,0.0,-1.5783333333333334
2018-07-06,0.0,-1.53
2018-07-07,0.0,-1.4866666666666666
2018-07-08,0.0,-1.445
2018-07-09,0.0,-1.4016666666666666
2018-07-10,0.0,-1.36
2018-07-11,0.0,-0.8428571428571429
2018-07-12,0.0,-0.8185714285714286
2018-07-13,0.0,-0.7942857142857143
2018-07-14,0.0,-0.7700000000000001
2018-07-15,0.0,-0.7471428571428572
2018-07-16,0.0,-0.8433333333333334
2018-07-17,0.0,-0.82
2018-07-18,0.0,-0.7966666666666667
2018-07-19,0.0,-0.7716666666666666
2018-07-20,0.0,-0.75
2018-07-21,0.0,-0.7283333333333332
2018-07-22,0.0,-0.7066666666666667
2018-07-23,0.0,-0.6833333333333332
2018-07-24,0.0,-0.6666666666666666
2018-07-25,0.0,-0.6449999999999999
2018-07-26,0.0,-0.6266666666666668
2018-07-27,0.0,-0.6066666666666668
2018-07-28,0.0,-0.5883333333333334
2018-07-29,0.0,-0.5716666666666667
2018-07-30,0.0,-0.555
2018-07-31,0.0,-0.5366666666666666
2018-08-01,0.0,-0.5216666666666666
2018-08-02,0.0,-0.5066666666666667
2018-08-03,0.0,-0.49333333333333335
2018-08-04,0.0,-0.48
2018-08-05,0.0,-0.4666666666666666
2018-08-06,0.0,-0.45
2018-08-07,0.0,-0.4366666666666666
2018-08-08,0.0,-0.42333333333333334
2018-08-09,0.0,-0.4116666666666666
2018-08-10,0.0,-0.39999999999999997
2018-08-11,0.0,-0.38666666666666666
2018-08-12,0.0,-0.375
2018-08-13,0.0,-0.3633333333333333
2018-08-14,0.0,-0.355
2018-08-15,0.0,-0.34333333333333327
2018-08-16,0.0,-0.3316666666666666
2018-08-17,0.0,-0.32333333333333325
2018-08-18,0.0,-0.3133333333333333
2018-08-19,0.0,-0.305
2018-08-20,0.0,-0.358
2018-08-21,0.0,-0.34800000000000003
2018-08-22,0.0,-0.336
2018-08-23,0.0,-0.326
2018-08-24,0.0,-0.31599999999999995
2018-08-25,0.0,-0.306
2018-08-26,0.0,-0.298
2018-08-27,0.0,-0.29
2018-08-28,0.0,-0.27999999999999997
2018-08-29,0.0,-0.27199999999999996
2018-08-30,0.0,-0.26400000000000007
2018-08-31,0.0,1.285
2018-09-01,0.0,1.2483333333333333
2018-09-02,0.0,1.2133333333333334
2018-09-03,0.0,1.1766666666666667
2018-09-04,0.0,1.1383333333333334
2018-09-05,0.0,1.1066666666666667
2018-09-06,0.0,1.0733333333333333
2018-09-07,0.0,1.0433333333333332
2018-09-08,0.0,1.0116666666666667
2018-09-09,0.0,0.9816666666666668
2018-09-10,0.0,0.9516666666666667
2018-09-11,0.0,0.9233333333333333
2018-09-12,0.0,0.8966666666666666
2018-09-13,0.0,0.87
2018-09-14,0.0,0.8450000000000001
2018-09-15,0.0,1.8471428571428572
2018-09-16,0.0,1.7914285714285714
2018-09-17,0.0,0.6462500000000001
2018-09-18,0.0,1.4455555555555555
2018-09-19,0.0,1.4033333333333333
2018-09-20,0.0,0.325
2018-09-21,0.0,0.31499999999999984
2018-09-22,0.0,0.30700000000000005
2018-09-23,0.0,0.2969999999999999
2018-09-24,0.0,0.2899999999999999
2018-09-25,0.0,0.2800000000000001
2018-09-26,0.0,0.9754545454545455
2018-09-27,0.0,0.9436363636363635
2018-09-28,0.0,0.9190909090909091
2018-09-29,0.0,0.890909090909091
2018-09-30,0.0,0.8636363636363636
2018-10-01,0.0,0.8390909090909091
2018-10-02,0.0,0.8136363636363636
2018-10-03,0.0,0.7900000000000001
2018-10-04,0.0,0.7681818181818181
2018-10-05,0.0,0.7436363636363637
2018-10-06,0.0,0.7227272727272727
2018-10-07,0.0,0.7009090909090909
2018-10-08,0.0,0.6809090909090908
2018-10-09,0.0,0.6581818181818182
2018-10-10,0.0,0.6399999999999999
2018-10-11,0.0,0.6209090909090909
2018-10-12,0.0,0.6027272727272727
2018-10-13,0.0,0.5854545454545454
2018-10-14,0.0,0.5690909090909091
2018-10-15,0.0,0.5499999999999999
2018-10-16,0.0,0.5336363636363637
2018-10-17,0.0,0.519090909090909
2018-10-18,0.0,0.5018181818181818
2018-10-19,0.0,0.489090909090909
2018-10-20,0.0,0.4754545454545454
2018-10-21,0.0,0.46090909090909093
2018-10-22,0.0,0.44636363636363635
2018-10-23,0.0,0.43454545454545457
2018-10-24,0.0,0.4200000000000001
2018-10-25,0.0,0.4090909090909091
2018-10-26,0.0,0.3963636363636363
2018-10-27,0.0,0.3845454545454546
2018-10-28,0.0,0.37363636363636377
2018-10-29,0.0,0.3627272727272728
2018-10-30,0.0,0.35000000000000003
2018-10-31,0.0,0.33999999999999997
2018-11-01,0.0,0.33181818181818185
2018-11-02,0.0,0.32181818181818184
2018-11-03,0.0,0.3118181818181818
2018-11-04,0.0,0.3018181818181818
2018-11-05,0.0,0.325
2018-11-06,0.0,0.31499999999999995
2018-11-07,0.0,0.306
2018-11-08,0.0,0.29500000000000004
2018-11-09,0.0,0.28700000000000003
2018-11-10,0.0,0.277
2018-11-11,0.0,0.271
2018-11-12,0.0,0.262
2018-11-13,0.0,0.255
2018-11-14,0.0,0.24699999999999997
2018-11-15,0.0,0.24000000000000005
2018-11-16,0.0,0.23200000000000004
2018-11-17,0.0,0.8418181818181818
2018-11-18,0.0,0.8163636363636364
2018-11-19,0.0,0.7927272727272726
2018-11-20,0.0,0.7690909090909092
2018-11-21,0.0,0.7463636363636365
2018-11-22,0.0,0.7254545454545455
2018-11-23,0.0,0.7018181818181818
2018-11-24,0.0,0.6818181818181818
2018-11-25,0.0,0.6627272727272727
2018-11-26,0.0,0.6409090909090909
2018-11-27,0.0,0.6245454545454546
2018-11-28,0.0,0.6036363636363636
2018-11-29,0.0,0.5854545454545454
2018-11-30,0.0,0.57
2018-12-01,0.0,0.5527272727272727
2018-12-02,0.0,0.5354545454545454
2018-12-03,0.0,0.5218181818181818
2018-12-04,0.0,-0.12000000000000004
2018-12-05,0.0,-0.1158333333333333
2018-12-06,0.0,-0.11333333333333329
2018-12-07,0.0,-0.12181818181818188
2018-12-08,0.0,-0.11818181818181817
2018-12-09,0.0,0.5616666666666666
2018-12-10,0.0,0.545
2018-12-11,0.0,0.5291666666666667
2018-12-12,0.0,-0.06461538461538467
2018-12-13,0.0,-0.06000000000000002
2018-12-14,0.0,-0.05923076923076927
2018-12-15,0.0,-0.05769230769230776
2018-12-16,0.0,-0.05692307692307687
2018-12-17,0.0,-0.054615384615384614
2018-12-18,0.0,-0.05307692307692297
2018-12-19,0.0,-0.05076923076923071
2018-12-20,0.0,-0.05153846153846153
2018-12-21,0.0,-0.0476923076923077
2018-12-22,0.0,-0.0476923076923077
2018-12-23,0.0,-0.0461538461538462
2018-12-24,0.0,-0.0438461538461538
2018-12-25,0.0,-0.0438461538461538
2018-12-26,0.0,-0.04307692307692305
2018-12-27,0.0,-0.04153846153846151
2018-12-28,0.0,-0.040769230769230856
2018-12-29,0.0,-0.040000000000000036
2018-12-30,0.0,-0.03916666666666668
2018-12-31,0.0,-0.03833333333333333
2019-01-01,0.0,-0.03750000000000001
2019-01-02,0.0,-0.0366666666666667
2019-01-03,0.0,-0.03500000000000003
2019-01-04,0.0,-0.03249999999999997
2019-01-05,0.0,-0.03250000000000001
2019-01-06,0.0,-0.031666666666666655
2019-01-07,0.0,-0.02999999999999999
2019-01-08,0.0,-0.03083333333333334
2019-01-09,0.0,-0.02833333333333332
2019-01-10,0.0,-0.02833333333333332
2019-01-11,0.0,-0.02833333333333332
2019-01-12,0.0,-0.025833333333333302
2019-01-13,0.0,-0.025000000000000022
2019-01-14,0.0,-0.024999999999999984
2019-01-15,0.0,-0.022500000000000003
2019-01-16,0.0,-0.023333333333333355
2019-01-17,0.0,-0.023333333333333317
2019-01-18,0.0,-0.021666666666666685
2019-01-19,0.0,-0.021666666666666706
2019-01-20,0.0,-0.019166666666666648
2019-01-21,0.0,-0.019999999999999962
2019-01-22,0.0,-0.01999999999999998
2019-01-23,0.0,-0.01833333333333335
2019-01-24,0.0,-0.019999999999999997
2019-01-25,0.0,-0.0181818181818182
2019-01-26,0.0,-0.015454545454545469
2019-01-27,0.0,-0.018181818181818157
2019-01-28,0.0,-0.016363636363636358
2019-01-29,0.0,-0.016363636363636358
2019-01-30,0.0,-0.017272727272727287
2019-01-31,0.0,-0.015454545454545469
2019-02-01,0.0,-0.014545454545454539
2019-02-02,0.0,-0.014545454545454539
2019-02-03,0.0,-0.014545454545454558
2019-02-04,0.0,-0.014545454545454558
2019-02-05,0.0,-0.012727272727272759
2019-02-06,0.0,-0.012999999999999989
2019-02-07,0.0,-0.015999999999999993
2019-02-08,0.0,-0.01399999999999999
2019-02-09,0.0,-0.011999999999999988
2019-02-10,0.0,-0.012999999999999989
2019-02-11,0.0,-0.01200000000000001
2019-02-12,0.0,-0.013000000000000022
2019-02-13,0.0,-0.011999999999999988
2019-02-14,0.0,-0.013000000000000012
2019-02-15,0.0,-0.012
2019-02-16,0.0,-0.008999999999999998
2019-02-17,0.0,-0.011
2019-02-18,0.0,-0.012
2019-02-19,0.0,-0.008999999999999985
2019-02-20,0.0,-0.8254545454545454
2019-02-21,0.0,-0.8018181818181819
2019-02-22,0.0,-0.78
2019-02-23,0.0,-0.7554545454545455
2019-02-24,0.0,-0.7336363636363636
2019-02-25,0.0,-0.7127272727272728
2019-02-26,0.0,-0.6909090909090909
2019-02-27,0.0,-0.6690909090909091
2019-02-28,0.0,-0.65
2019-03-01,0.0,-0.630909090909091
2019-03-02,0.0,-0.6136363636363636
2019-03-03,0.0,-0.5954545454545455
2019-03-04,0.0,-0.5781818181818182
2019-03-05,0.0,-0.5590909090909091
2019-03-06,0.0,-0.5418181818181819
2019-03-07,0.0,-0.5281818181818182
2019-03-08,0.0,-0.5127272727272728
2019-03-09,0.0,-0.49454545454545457
2019-03-10,0.0,-0.4809090909090909
2019-03-11,0.0,-0.46727272727272723
2019-03-12,0.0,-1.0833333333333333
2019-03-13,0.0,-1.0491666666666666
2019-03-14,0.0,-1.0183333333333333
2019-03-15,0.0,-0.9883333333333333
2019-03-16,0.0,-0.96
2019-03-17,0.0,-0.9316666666666666
2019-03-18,0.0,-0.9041666666666667
2019-03-19,0.0,-0.8775000000000001
2019-03-20,0.0,-0.8525
2019-03-21,0.0,-0.8266666666666667
2019-03-22,0.0,-0.8033333333333333
2019-03-23,0.0,-0.7791666666666667
2019-03-24,0.0,-0.7541666666666668
2019-03-25,0.0,-0.7316666666666666
2019-03-26,0.0,-0.71
2019-03-27,0.0,-0.6908333333333333
2019-03-28,0.0,-0.67
2019-03-29,0.0,-0.7100000000000001
2019-03-30,0.0,-0.69
2019-03-31,0.0,-0.6690909090909091
2019-04-01,0.0,-0.6499999999999999
2019-04-02,0.0,-0.6309090909090909
2019-04-03,0.0,-0.6118181818181818
2019-04-04,0.0,-0.5945454545454545
2019-04-05,0.0,-0.5745454545454546
2019-04-06,0.0,-0.5581818181818181
2019-04-07,0.0,-0.5427272727272727
2019-04-08,0.0,-0.5263636363636364
2019-04-09,0.0,-0.5099999999999999
2019-04-10,0.0,-0.4954545454545455
2019-04-11,0.0,-0.4799999999999999
2019-04-12,0.0,-0.46727272727272734
2019-04-13,0.0,0.2745454545454545
2019-04-14,0.0,0.2645454545454545
2019-04-15,0.0,0.28500000000000003
2019-04-16,0.0,0.30444444444444446
2019-04-17,0.0,1.066
2019-04-18,0.0,1.1499999999999997
2019-04-19,0.0,1.1166666666666667
2019-04-20,0.0,1.0844444444444443
2019-04-21,0.0,1.0533333333333335
2019-04-22,0.0,1.0211111111111113
2019-04-23,0.0,0.9922222222222222
2019-04-24,0.0,1.08
2019-04-25,0.0,0.37444444444444447
2019-04-26,0.0,0.36666666666666675
2019-04-27,0.0,0.35555555555555557
2019-04-28,0.0,0.3433333333333333
2019-04-29,0.0,0.3333333333333334
2019-04-30,0.0,0.3222222222222222
2019-05-01,0.0,0.31444444444444447
2019-05-02,0.0,0.30555555555555547
2019-05-03,0.0,0.2955555555555555
2019-05-04,0.0,0.28555555555555556
2019-05-05,0.0,0.27888888888888885
2019-05-06,0.0,0.2688888888888889
2019-05-07,0.0,0.26111111111111096
2019-05-08,0.0,0.2533333333333333
2019-05-09,0.0,0.24777777777777782
2019-05-10,0.0,0.23999999999999996
2019-05-11,0.0,0.23222222222222225
2019-05-12,0.0,0.22666666666666663
2019-05-13,0.0,0.21888888888888886
2019-05-14,0.0,0.2111111111111111
2019-05-15,0.0,0.2066666666666667
2019-05-16,0.0,0.20000000000000004
2019-05-17,0.0,0.19555555555555554
2019-05-18,0.0,0.19
2019-05-19,0.0,0.18333333333333332
2019-05-20,0.0,0.17777777777777778
2019-05-21,0.0,0.1722222222222222
2019-05-22,0.0,0.16777777777777775
2019-05-23,0.0,0.16444444444444445
2019-05-24,0.0,0.15777777777777777
2019-05-25,0.0,0.15222222222222223
2019-05-26,0.0,0.1477777777777778
2019-05-27,0.0,0.14333333333333337
2019-05-28,0.0,0.1388888888888888
2019-05-29,0.0,0.13444444444444442
2019-05-30,0.0,0.13222222222222227
2019-05-31,0.0,0.1277777777777778
2019-06-01,0.0,0.12444444444444445
2019-06-02,0.0,0.12111111111111104
2019-06-03,0.0,0.11666666666666664
2019-06-04,0.0,0.11333333333333331
2019-06-05,0.0,0.11
2019-06-06,0.0,0.10666666666666669
2019-06-07,0.0,0.10444444444444446
2019-06-08,0.0,0.1011111111111111
2019-06-09,0.0,0.09777777777777774
2019-06-10,0.0,0.09333333333333332
2019-06-11,0.0,0.09222222222222223
2019-06-12,0.0,0.08888888888888889
2019-06-13,0.0,0.08666666666666667
2019-06-14,0.0,0.08333333333333331
2019-06-15,0.0,0.09
2019-06-16,0.0,0.08625
2019-06-17,0.0,0.08374999999999999
2019-06-18,0.0,0.08375000000000002
2019-06-19,0.0,0.08125000000000002
2019-06-20,0.0,0.07625
2019-06-21,0.0,0.07499999999999997
2019-06-22,0.0,0.07125000000000002
2019-06-23,0.0,0.07125000000000002
2019-06-24,0.0,0.06750000000000002
2019-06-25,0.0,0.0675
2019-06-26,0.0,0.06375
2019-06-27,0.0,0.062499999999999986
2019-06-28,0.0,0.0625
2019-06-29,0.0,0.06000000000000001
2019-06-30,0.0,0.05750000000000001
2019-07-01,0.0,0.05499999999999999
2019-07-02,0.0,0.06428571428571427
2019-07-03,0.0,0.05999999999999999
2019-07-04,0.0,0.060000000000000005
2019-07-05,0.0,-0.5725
2019-07-06,0.0,-1.0499999999999998
2019-07-07,0.0,-1.15
2019-07-08,0.0,-1.11375
2019-07-09,0.0,-1.0825
2019-07-10,0.0,-1.197142857142857
2019-07-11,0.0,-1.1642857142857141
2019-07-12,0.0,-1.1285714285714286
2019-07-13,0.0,-1.0942857142857143
2019-07-14,0.0,-1.0614285714285714
2019-07-15,0.0,-1.032857142857143
2019-07-16,0.0,-0.9985714285714286
2019-07-17,0.0,-0.9714285714285714
2019-07-18,0.0,-0.9428571428571428
2019-07-19,0.0,-0.9157142857142857
2019-07-20,0.0,-0.8885714285714287
2019-07-21,0.0,-0.8628571428571428
2019-07-22,0.0,-0.8342857142857143
2019-07-23,0.0,-0.8099999999999999
2019-07-24,0.0,-0.7871428571428571
2019-07-25,0.0,-0.7657142857142858
2019-07-26,0.0,-0.7414285714285714
2019-07-27,0.0,-0.7185714285714286
2019-07-28,0.0,-0.6985714285714285
2019-07-29,0.0,-0.6785714285714286
2019-07-30,0.0,-0.6571428571428571
2019-07-31,0.0,-0.6385714285714286
2019-08-01,0.0,-0.6171428571428572
2019-08-02,0.0,-0.6014285714285715
2019-08-03,0.0,-0.5842857142857143
2019-08-04,0.0,-0.5642857142857143
2019-08-05,0.0,-0.5471428571428572
2019-08-06,0.0,-0.5328571428571428
2019-08-07,0.0,-0.5157142857142858
2019-08-08,0.0,-0.5014285714285714
2019-08-09,0.0,-0.48714285714285716
2019-08-10,0.0,-0.4728571428571428
2019-08-11,0.0,-0.4585714285714286
2019-08-12,0.0,-0.44571428571428573
2019-08-13,0.0,-0.4314285714285715
2019-08-14,0.0,-0.42
2019-08-15,0.0,-0.98125
2019-08-16,0.0,-0.9512499999999999
2019-08-17,0.0,-0.92375
2019-08-18,0.0,-0.8975000000000001
2019-08-19,0.0,-0.87125
2019-08-20,0.0,-0.84375
2019-08-21,0.0,-0.8212499999999999
2019-08-22,0.0,-0.79375
2019-08-23,0.0,-0.7725
2019-08-24,0.0,-0.74875
2019-08-25,0.0,-0.7262500000000001
2019-08-26,0.0,-0.7025
2019-08-27,0.0,-0.6837500000000001
2019-08-28,0.0,-0.665
2019-08-29,0.0,-0.645
2019-08-30,0.0,-0.62625
2019-08-31,0.0,-0.60625
2019-09-01,0.0,-0.5875
2019-09-02,0.0,-0.57125
2019-09-03,0.0,-0.55625
2019-09-04,0.0,-0.5387500000000001
2019-09-05,0.0,-0.52125
2019-09-06,0.0,-0.5075000000000001
2019-09-07,0.0,-0.49249999999999994
2019-09-08,0.0,-0.47625
2019-09-09,0.0,-0.46375
2019-09-10,0.0,-0.44875
2019-09-11,0.0,-0.43500000000000005
2019-09-12,0.0,-0.42375
2019-09-13,0.0,-0.41
2019-09-14,0.0,-0.39749999999999996
2019-09-15,0.0,-0.38625
2019-09-16,0.0,-0.3775
2019-09-17,0.0,-0.365
2019-09-18,0.0,-0.4014285714285714
2019-09-19,0.0,-0.39
2019-09-20,0.0,-0.38
2019-09-21,0.0,-0.3685714285714286
2019-09-22,0.0,-0.35714285714285715
2019-09-23,0.0,-0.3442857142857143
2019-09-24,0.0,-0.33428571428571424
2019-09-25,0.0,-0.32571428571428573
2019-09-26,0.0,-0.3171428571428571
2019-09-27,0.0,-0.3071428571428571
2019-09-28,0.0,-0.29857142857142854
2019-09-29,0.0,-0.29000000000000004
2019-09-30,0.0,-0.2814285714285714
2019-10-01,0.0,-0.27285714285714285
2019-10-02,0.0,-0.2642857142857143
2019-10-03,0.0,-0.25857142857142856
2019-10-04,0.0,-0.25142857142857145
2019-10-05,0.0,-0.24285714285714288
2019-10-06,0.0,-0.2357142857142857
2019-10-07,0.0,-0.22999999999999998
2019-10-08,0.0,-0.255
2019-10-09,0.0,-0.24666666666666667
2019-10-10,0.0,-0.23833333333333337
2019-10-11,0.0,-0.23
2019-10-12,0.0,-0.22666666666666666
2019-10-13,0.0,-0.21999999999999997
2019-10-14,0.0,-0.2133333333333333
2019-10-15,0.0,-0.205
2019-10-16,0.0,-0.20166666666666666
2019-10-17,0.0,-0.19666666666666668
2019-10-18,0.0,-0.18833333333333332
2019-10-19,0.0,-0.18166666666666664
2019-10-20,0.0,-0.17666666666666667
2019-10-21,0.0,-0.17166666666666666
2019-10-22,0.0,-0.16666666666666666
2019-10-23,0.0,-0.16166666666666665
2019-10-24,0.0,-0.15666666666666665
2019-10-25,0.0,-0.15166666666666664
2019-10-26,0.0,-0.14833333333333334
2019-10-27,0.0,-0.14500000000000002
2019-10-28,0.0,-0.14
2019-10-29,0.0,-0.1366666666666667
2019-10-30,0.0,-0.13166666666666668
2019-10-31,0.0,1.0314285714285714
2019-11-01,0.0,1.0014285714285713
2019-11-02,0.0,0.9714285714285715
2019-11-03,0.0,0.9442857142857142
2019-11-04,0.0,0.9171428571428571
2019-11-05,0.0,0.8914285714285713
2019-11-06,0.0,0.8657142857142857
2019-11-07,0.0,0.8385714285714286
2019-11-08,0.0,0.8142857142857143
2019-11-09,0.0,0.92
2019-11-10,0.0,0.8916666666666666
2019-11-11,0.0,0.8649999999999999
2019-11-12,0.0,0.84
2019-11-13,0.0,0.974
2019-11-14,0.0,0.944
2019-11-15,0.0,0.916
2019-11-16,0.0,0.89
2019-11-17,0.0,0.8619999999999999
2019-11-18,0.0,0.8380000000000001
2019-11-19,0.0,0.8139999999999998
2019-11-20,0.0,0.7899999999999999
2019-11-21,0.0,0.96
2019-11-22,0.0,1.7439999999999998
2019-11-23,0.0,1.6939999999999997
2019-11-24,0.0,1.6440000000000001
2019-11-25,0.0,1.596
2019-11-26,0.0,1.5459999999999998
2019-11-27,0.0,1.502
2019-11-28,0.0,1.46
2019-11-29,0.0,1.4140000000000001
2019-11-30,0.0,1.372
2019-12-01,0.0,1.332
2019-12-02,0.0,1.29
2019-12-03,0.0,1.254
2019-12-04,0.0,1.218
2019-12-05,0.0,1.184
2019-12-06,0.0,1.1480000000000001
2019-12-07,0.0,1.114
2019-12-08,0.0,1.078
2019-12-09,0.0,1.046
2019-12-10,0.0,1.016
2019-12-11,0.0,0.9879999999999999
2019-12-12,0.0,0.958
2019-12-13,0.0,0.9280000000000002
2019-12-14,0.0,0.9019999999999999
2019-12-15,0.0,0.8739999999999999
2019-12-16,0.0,0.8480000000000001
2019-12-17,0.0,0.8219999999999998
2019-12-18,0.0,0.8
2019-12-19,0.0,0.7780000000000001
2019-12-20,0.0,0.756
2019-12-21,0.0,0.73
2019-12-22,0.0,0.71
2019-12-23,0.0,0.688
2019-12-24,0.0,0.666
2019-12-25,0.0,0.648
2019-12-26,0.0,0.628
2019-12-27,0.0,0.61
2019-12-28,0.0,0.5900000000000001
2019-12-29,0.0,0.576
2019-12-30,0.0,0.5599999999999999
2019-12-31,0.0,0.542
2020-01-01,0.0,0.5279999999999999
2020-01-02,0.0,0.5119999999999999
2020-01-03,0.0,0.4959999999999999
2020-01-04,0.0,0.48199999999999993
2020-01-05,0.0,0.466
2020-01-06,0.0,0.45200000000000007
2020-01-07,0.0,0.44000000000000006
2020-01-08,0.0,0.426
2020-01-09,0.0,0.41200000000000003
2020-01-10,0.0,0.4
2020-01-11,0.0,0.388
2020-01-12,0.0,0.376
2020-01-13,0.0,0.366
2020-01-14,0.0,0.354
2020-01-15,0.0,0.346
2020-01-16,0.0,0.33599999999999997
2020-01-17,0.0,0.32599999999999996
2020-01-18,0.0,0.316
2020-01-19,0.0,0.308
2020-01-20,0.0,0.29799999999999993
2020-01-21,0.0,0.29
2020-01-22,0.0,0.27999999999999997
2020-01-23,0.0,0.27199999999999996
2020-01-24,0.0,0.26399999999999996
2020-01-25,0.0,0.25599999999999995
2020-01-26,0.0,0.24799999999999994
2020-01-27,0.0,0.23999999999999994
2020-01-28,0.0,0.23399999999999999
2020-01-29,0.0,0.22800000000000004
2020-01-30,0.0,0.22000000000000003
2020-01-31,0.0,0.27
2020-02-01,0.0,0.3499999999999999
2020-02-02,0.0,0.34333333333333327
2020-02-03,0.0,-0.7525
2020-02-04,0.0,-0.73
2020-02-05,0.0,-0.7075
2020-02-06,0.0,-0.6900000000000001
2020-02-07,0.0,-0.6675
2020-02-08,0.0,-0.645
2020-02-09,0.0,-0.625
2020-02-10,0.0,-0.6075
2020-02-11,0.0,-0.5925
2020-02-12,0.0,-0.5725
2020-02-13,0.0,-0.5575
2020-02-14,0.0,-0.5425
2020-02-15,0.0,-0.525
2020-02-16,0.0,-0.51
2020-02-17,0.0,-0.495
2020-02-18,0.0,-0.4775
2020-02-19,0.0,-0.465
2020-02-20,0.0,-0.44999999999999996
2020-02-21,0.0,-0.4375
2020-02-22,0.0,-0.42499999999999993
2020-02-23,0.0,-0.41500000000000004
2020-02-24,0.0,-0.39999999999999997
2020-02-25,0.0,-0.38749999999999996
2020-02-26,0.0,-0.37749999999999995
2020-02-27,0.0,-0.365
2020-02-28,0.0,-0.355
2020-02-29,0.0,-0.3425
2020-03-01,0.0,-0.3325
2020-03-02,0.0,-0.325
2020-03-03,0.0,-0.3175
2020-03-04,0.0,-0.30499999999999994
2020-03-05,0.0,-0.2975
2020-03-06,0.0,-0.2875
2020-03-07,0.0,-0.28
2020-03-08,0.0,-1.816
2020-03-09,0.0,-1.7619999999999998
2020-03-10,0.0,-1.7100000000000002
2020-03-11,0.0,-1.6619999999999997
2020-03-12,0.0,-2.0124999999999997
2020-03-13,0.0,-1.9549999999999998
2020-03-14,0.0,-1.8924999999999998
2020-03-15,0.0,-1.8375000000000001
2020-03-16,0.0,-2.8259999999999996
2020-03-17,0.0,-2.744
2020-03-18,0.0,-2.664
2020-03-19,0.0,-2.584
2020-03-20,0.0,-2.508
2020-03-21,0.0,-2.434
2020-03-22,0.0,-2.364
2020-03-23,0.0,-3.064285714285714
2020-03-24,0.0,-2.9757142857142855
2020-03-25,0.0,-2.8871428571428575
2020-03-26,0.0,-2.801428571428571
2020-03-27,0.0,-2.7199999999999998
2020-03-28,0.0,-2.6371428571428575
2020-03-29,0.0,-2.56
2020-03-30,0.0,-2.4842857142857144
2020-03-31,0.0,-2.4114285714285715
2020-04-01,0.0,-3.17125
2020-04-02,0.0,-3.07625
2020-04-03,0.0,-3.4344444444444444
2020-04-04,0.0,-3.3333333333333335
2020-04-05,0.0,-3.5090000000000003
2020-04-06,0.0,-3.407
2020-04-07,0.0,-3.307
2020-04-08,0.0,-3.2079999999999997
2020-04-09,0.0,-3.1130000000000004
2020-04-10,0.0,-3.022
2020-04-11,0.0,-2.932
2020-04-12,0.0,-2.8440000000000003
2020-04-13,0.0,-2.762
2020-04-14,0.0,-2.68
2020-04-15,0.0,-2.601
2020-04-16,0.0,-2.524
2020-04-17,0.0,-2.4490000000000003
2020-04-18,0.0,-2.375
2020-04-19,0.0,-2.305
2020-04-20,0.0,-2.238
2020-04-21,0.0,-2.1740000000000004
2020-04-22,0.0,-2.1079999999999997
2020-04-23,0.0,-2.0460000000000003
2020-04-24,0.0,-1.984
2020-04-25,0.0,-1.927
2020-04-26,0.0,-1.8690000000000002
2020-04-27,0.0,-1.1954545454545455
2020-04-28,0.0,-1.16
2020-04-29,0.0,-1.1254545454545453
2020-04-30,0.0,-1.6666666666666667
2020-05-01,0.0,-1.6183333333333334
2020-05-02,0.0,-1.5708333333333335
2020-05-03,0.0,-1.5241666666666667
2020-05-04,0.0,-1.4783333333333333
2020-05-05,0.0,-1.4349999999999998
2020-05-06,0.0,-1.3933333333333333
2020-05-07,0.0,-1.3525
2020-05-08,0.0,-1.8269230769230769
2020-05-09,0.0,-1.7723076923076921
2020-05-10,0.0,-1.7192307692307693
2020-05-11,0.0,-1.6684615384615382
2020-05-12,0.0,-1.6207692307692307
2020-05-13,0.0,-1.573076923076923
2020-05-14,0.0,-1.5253846153846153
2020-05-15,0.0,-1.4807692307692308
2020-05-16,0.0,-1.4353846153846155
2020-05-17,0.0,-1.3946153846153846
2020-05-18,0.0,-1.353846153846154
2020-05-19,0.0,-0.8621428571428572
2020-05-20,0.0,-0.8371428571428572
2020-05-21,0.0,-0.8128571428571428
2020-05-22,0.0,-0.7871428571428571
2020-05-23,0.0,-0.7642857142857142
2020-05-24,0.0,-0.7414285714285713
2020-05-25,0.0,-0.7192857142857143
2020-05-26,0.0,-0.6992857142857142
2020-05-27,0.0,-0.6785714285714286
2020-05-28,0.0,-0.7084615384615384
2020-05-29,0.0,-0.6884615384615385
2020-05-30,0.0,-0.6676923076923077
2020-05-31,0.0,-0.6492307692307692
2020-06-01,0.0,-0.6269230769230769
2020-06-02,0.0,-0.61
2020-06-03,0.0,-0.5923076923076923
2020-06-04,0.0,-0.5761538461538461
2020-06-05,0.0,-0.5584615384615386
2020-06-06,0.0,-0.5423076923076924
2020-06-07,0.0,-0.5261538461538462
2020-06-08,0.0,-0.5115384615384616
2020-06-09,0.0,-0.49615384615384617
2020-06-10,0.0,-0.4807692307692308
2020-06-11,0.0,-0.46384615384615385
2020-06-12,0.0,-0.45307692307692304
2020-06-13,0.0,-0.44000000000000006
2020-06-14,0.0,-0.42692307692307696
2020-06-15,0.0,-0.413076923076923
2020-06-16,0.0,-0.39999999999999997
2020-06-17,0.0,-0.00500000000000002
2020-06-18,0.0,-0.0057142857142857195
2020-06-19,0.0,-0.005384615384615406
2020-06-20,0.0,-0.0046153846153845855
2020-06-21,0.0,-0.004615384615384654
2020-06-22,0.0,-0.005384615384615406
2020-06-23,0.0,-0.004615384615384654
2020-06-24,0.0,-0.004615384615384654
2020-06-25,0.0,-0.0046153846153845855
2020-06-26,0.0,-0.0038461538461538668
2020-06-27,0.0,-0.005384615384615338
2020-06-28,0.0,-0.0038461538461538668
2020-06-29,0.0,-0.0030769230769230795
2020-06-30,0.0,-0.0030769230769230795
2020-07-01,0.0,-0.0030769230769230795
2020-07-02,0.0,-0.0030769230769230795
2020-07-03,0.0,-0.0038461538461538325
2020-07-04,0.0,-0.0030769230769230795
2020-07-05,0.0,-0.0030769230769230795
2020-07-06,0.0,-0.0038461538461538668
2020-07-07,0.0,-0.0038461538461538325
2020-07-08,0.0,-0.0030769230769230795
2020-07-09,0.0,-0.0038461538461538325
2020-07-10,0.0,-0.0030769230769230795
2020-07-11,0.0,-0.0023076923076922927
2020-07-12,0.0,-0.002307692307692327
2020-07-13,0.0,-0.0030769230769230795
2020-07-14,0.0,-0.0023076923076922927
2020-07-15,0.0,-0.0038461538461538325
2020-07-16,0.0,-0.002307692307692327
2020-07-17,0.0,-0.001538461538461574
2020-07-18,0.0,-0.0015384615384615398
2020-07-19,0.0,-0.0030769230769230795
2020-07-20,0.0,-0.0015384615384615398
2020-07-21,0.0,-0.0023076923076923096
2020-07-22,0.0,-0.0015384615384615398
2020-07-23,0.0,-0.0007692307692307699
2020-07-24,0.0,0.0
2020-07-25,0.0,-0.0023076923076922927
2020-07-26,0.0,-0.0015384615384615398
2020-07-27,0.0,-0.0015384615384615398
2020-07-28,0.0,-0.0015384615384615398
2020-07-29,0.0,-0.0015384615384615398
2020-07-30,0.0,-0.000769230769230787
2020-07-31,0.0,-0.0007692307692307529
2020-08-01,0.0,-0.0007692307692307529
2020-08-02,0.0,-0.0023076923076922927
2020-08-03,0.0,-0.0007692307692307699
2020-08-04,0.0,-0.0007692307692307699
2020-08-05,0.0,-0.001538461538461557
2020-08-06,0.0,-0.0015384615384615398
2020-08-07,0.0,-0.0023076923076923096
2020-08-08,0.0,-0.0015384615384615398
2020-08-09,0.0,-0.0007692307692307699
2020-08-10,0.0,-0.0030769230769230795
2020-08-11,0.0,0.0
2020-08-12,0.0,-0.0015384615384615398
2020-08-13,0.0,-0.2857142857142857
2020-08-14,0.0,-0.27785714285714286
2020-08-15,0.0,-0.27
2020-08-16,0.0,-0.26142857142857145
2020-08-17,0.0,-0.2542857142857143
2020-08-18,0.0,-0.24642857142857144
2020-08-19,0.0,-0.23857142857142857
2020-08-20,0.0,-0.23214285714285715
2020-08-21,0.0,-0.225
2020-08-22,0.0,-0.21714285714285714
2020-08-23,0.0,-0.21142857142857144
2020-08-24,0.0,-0.20785714285714282
2020-08-25,0.0,-0.1992857142857143
2020-08-26,0.0,-0.195
2020-08-27,0.0,-0.19
2020-08-28,0.0,-0.18285714285714286
2020-08-29,0.0,-0.17785714285714288
2020-08-30,0.0,-0.17214285714285715
2020-08-31,0.0,-0.17923076923076925
2020-09-01,0.0,-0.1746153846153846
2020-09-02,0.0,-0.16923076923076924
2020-09-03,0.0,-0.16384615384615384
2020-09-04,0.0,-0.15923076923076923
2020-09-05,0.0,-0.15538461538461534
2020-09-06,0.0,-0.15
2020-09-07,0.0,-0.14615384615384613
2020-09-08,0.0,-0.1423076923076923
2020-09-09,0.0,-0.13538461538461538
2020-09-10,0.0,-0.13384615384615384
2020-09-11,0.0,-0.12846153846153846
2020-09-12,0.0,-0.12538461538461537
2020-09-13,0.0,-0.12076923076923077
2020-09-14,0.0,-0.1176923076923077
2020-09-15,0.0,-0.11538461538461539
2020-09-16,0.0,-0.11076923076923076
2020-09-17,0.0,-0.10769230769230768
2020-09-18,0.0,-0.10461538461538462
2020-09-19,0.0,-0.10153846153846155
2020-09-20,0.0,-0.09846153846153846
2020-09-21,0.0,-0.09615384615384616
2020-09-22,0.0,-0.0923076923076923
2020-09-23,0.0,-0.09076923076923077
2020-09-24,0.0,-0.08615384615384615
2020-09-25,0.0,-0.08461538461538462
2020-09-26,0.0,-0.08230769230769232
2020-09-27,0.0,-0.07923076923076923
2020-09-28,0.0,-0.07692307692307693
2020-09-29,0.0,-0.07538461538461538
2020-09-30,0.0,-0.07307692307692307
2020-10-01,0.0,-0.07076923076923078
2020-10-02,0.0,-0.07076923076923076
2020-10-03,0.0,-0.06692307692307692
2020-10-04,0.0,-0.06916666666666667
2020-10-05,0.0,-0.06749999999999999
2020-10-06,0.0,-0.06583333333333334
2020-10-07,0.0,-0.06333333333333334
2020-10-08,0.0,-0.06
2020-10-09,0.0,-0.057499999999999996
2020-10-10,0.0,-0.056666666666666664
2020-10-11,0.0,-0.05583333333333334
2020-10-12,0.0,-0.05818181818181818
2020-10-13,0.0,-0.05545454545454545
2020-10-14,0.0,-0.05454545454545454
2020-10-15,0.0,-0.05181818181818181
2020-10-16,0.0,-0.63
2020-10-17,0.0,-0.6116666666666667
2020-10-18,0.0,-0.5941666666666666
2020-10-19,0.0,-0.6910000000000001
2020-10-20,0.0,-0.6689999999999999
2020-10-21,0.0,-0.6489999999999999
2020-10-22,0.0,-0.63
2020-10-23,0.0,-1.1009090909090908
2020-10-24,0.0,-1.07
2020-10-25,0.0,-1.0372727272727273
2020-10-26,0.0,-1.0063636363636363
2020-10-27,0.0,-0.9763636363636364
2020-10-28,0.0,-1.04
2020-10-29,0.0,-1.009
2020-10-30,0.0,-1.778
2020-10-31,0.0,-1.725
2020-11-01,0.0,-1.8600000000000003
2020-11-02,0.0,-1.8044444444444447
2020-11-03,0.0,-1.7522222222222221
2020-11-04,0.0,-1.7022222222222223
2020-11-05,0.0,-1.65
2020-11-06,0.0,-1.6
2020-11-07,0.0,-1.5544444444444445
2020-11-08,0.0,-1.5077777777777779
2020-11-09,0.0,-1.4644444444444444
2020-11-10,0.0,-1.421111111111111
2020-11-11,0.0,-1.3777777777777778
2020-11-12,0.0,-1.3377777777777777
2020-11-13,0.0,-1.2988888888888888
2020-11-14,0.0,-1.26
2020-11-15,0.0,-1.2244444444444444
2020-11-16,0.0,-1.1866666666666665
2020-11-17,0.0,-1.1500000000000001
2020-11-18,0.0,-1.1166666666666667
2020-11-19,0.0,-1.0833333333333333
2020-11-20,0.0,-1.0522222222222222
2020-11-21,0.0,-1.02
2020-11-22,0.0,-0.991111111111111
2020-11-23,0.0,-1.08375
2020-11-24,0.0,-1.05125
2020-11-25,0.0,-1.02125
2020-11-26,0.0,-1.1285714285714286
2020-11-27,0.0,-1.0957142857142856
2020-11-28,0.0,-1.0628571428571427
2020-11-29,0.0,-1.032857142857143
2020-11-30,0.0,-1.002857142857143
2020-12-01,0.0,-0.972857142857143
2020-12-02,0.0,-0.9442857142857143
2020-12-03,0.0,-0.9157142857142857
2020-12-04,0.0,-1.0333333333333334
2020-12-05,0.0,-1.8599999999999999
2020-12-06,0.0,-1.8057142857142858
2020-12-07,0.0,-1.7514285714285713
2020-12-08,0.0,-1.7
2020-12-09,0.0,-1.6500000000000001
2020-12-10,0.0,-1.5985714285714285
2020-12-11,0.0,-1.554285714285714
2020-12-12,0.0,-1.5085714285714287
2020-12-13,0.0,-1.4642857142857142
2020-12-14,0.0,-1.4185714285714286
2020-12-15,0.0,-1.61
2020-12-16,0.0,-1.5599999999999998
2020-12-17,0.0,-1.515
2020-12-18,0.0,-1.4716666666666667
2020-12-19,0.0,-1.43
2020-12-20,0.0,-1.3833333333333335
2020-12-21,0.0,-1.3433333333333335
2020-12-22,0.0,-1.3033333333333335
2020-12-23,0.0,-1.265
2020-12-24,0.0,-1.2266666666666668
2020-12-25,0.0,-1.1916666666666667
2020-12-26,0.0,-1.1566666666666665
2020-12-27,0.0,-1.1216666666666668
2020-12-28,0.0,-1.09
2020-12-29,0.0,0.23714285714285716
2020-12-30,0.0,0.2285714285714285
2020-12-31,0.0,0.22
2021-01-01,0.0,0.94
2021-01-02,0.0,0.9125
2021-01-03,0.0,0.88625
2021-01-04,0.0,0.8574999999999999
2021-01-05,0.0,0.8325000000000001
2021-01-06,0.0,-0.754
2021-01-07,0.0,0.06363636363636366
2021-01-08,0.0,0.06090909090909082
2021-01-09,0.0,0.058181818181818154
2021-01-10,0.0,0.05727272727272726
2021-01-11,0.0,0.05636363636363637
2021-01-12,0.0,0.054545454545454515
2021-01-13,0.0,0.0589999999999999
2021-01-14,0.0,-0.7690909090909092
2021-01-15,0.0,-0.7463636363636365
2021-01-16,0.0,-0.7236363636363636
2021-01-17,0.0,-0.7027272727272728
2021-01-18,0.0,-0.6818181818181819
2021-01-19,0.0,-1.2716666666666667
2021-01-20,0.0,-1.2349999999999999
2021-01-21,0.0,-1.1983333333333335
2021-01-22,0.0,-1.7653846153846153
2021-01-23,0.0,-1.713076923076923
2021-01-24,0.0,-1.6646153846153846
2021-01-25,0.0,-1.6146153846153846
2021-01-26,0.0,-1.566923076923077
2021-01-27,0.0,-1.5207692307692307
2021-01-28,0.0,-1.4761538461538461
2021-01-29,0.0,-1.4323076923076923
2021-01-30,0.0,-1.3892307692307695
2021-01-31,0.0,-1.3476923076923077
2021-02-01,0.0,-1.3084615384615383
2021-02-02,0.0,-1.2692307692307692
2021-02-03,0.0,-1.2315384615384615
2021-02-04,0.0,-1.1946153846153846
2021-02-05,0.0,-1.1592307692307693
2021-02-06,0.0,-1.126923076923077
2021-02-07,0.0,-1.0923076923076922
2021-02-08,0.0,-1.06
2021-02-09,0.0,-1.0299999999999998
2021-02-10,0.0,-0.9984615384615385
2021-02-11,0.0,-0.9692307692307693
2021-02-12,0.0,-0.9407692307692308
2021-02-13,0.0,-0.9130769230769231
2021-02-14,0.0,-0.8861538461538461
2021-02-15,0.0,-0.86
2021-02-16,0.0,-0.8315384615384614
2021-02-17,0.0,-0.8099999999999999
2021-02-18,0.0,-0.7846153846153846
2021-02-19,0.0,-0.7638461538461538
2021-02-20,0.0,-0.7392307692307691
2021-02-21,0.0,-0.7176923076923077
2021-02-22,0.0,-0.6946153846153845
2021-02-23,0.0,-0.6776923076923077
2021-02-24,0.0,-0.6561538461538461
2021-02-25,0.0,-0.6376923076923077
2021-02-26,0.0,-0.0028571428571427964
2021-02-27,0.0,-0.002142857142857097
2021-02-28,0.0,-0.0028571428571428597
2021-03-01,0.0,-0.0028571428571428597
2021-03-02,0.0,-0.0014285714285714615
2021-03-03,0.0,-0.0014285714285714615
2021-03-04,0.0,-0.0028571428571428597
2021-03-05,0.0,-0.0007142857142856356
2021-03-06,0.0,-0.0028571428571427964
2021-03-07,0.0,-0.0007142857142856991
2021-03-08,0.0,0.5313333333333333
2021-03-09,0.0,0.5153333333333333
2021-03-10,0.0,0.49933333333333335
2021-03-11,0.0,0.5221428571428571
2021-03-12,0.0,0.5057142857142857
2021-03-13,0.0,0.49142857142857144
2021-03-14,0.0,0.4764285714285714
2021-03-15,0.0,0.46071428571428574
2021-03-16,0.0,0.4471428571428572
2021-03-17,0.0,0.435
2021-03-18,0.0,0.42285714285714276
2021-03-19,0.0,0.4107142857142857
2021-03-20,0.0,0.3964285714285714
2021-03-21,0.0,0.3871428571428571
2021-03-22,0.0,0.3742857142857143
2021-03-23,0.0,0.36357142857142855
2021-03-24,0.0,-0.07066666666666664
2021-03-25,0.0,-0.06866666666666668
2021-03-26,0.0,-0.06733333333333331
2021-03-27,0.0,-0.06400000000000006
2021-03-28,0.0,-0.06333333333333334
2021-03-29,0.0,-0.060000000000000026
2021-03-30,0.0,-0.05999999999999996
2021-03-31,0.0,-0.056666666666666705
2021-04-01,0.0,-0.05666666666666664
2021-04-02,0.0,-0.05466666666666672
2021-04-03,0.0,-0.05200000000000002
2021-04-04,0.0,-0.04999999999999997
2021-04-05,0.0,-0.04933333333333335
2021-04-06,0.0,0.33
2021-04-07,0.0,0.32062500000000005
2021-04-08,0.0,0.31062500000000004
2021-04-09,0.0,0.7552941176470588
2021-04-10,0.0,0.731764705882353
2021-04-11,0.0,0.71
2021-04-12,0.0,0.6888235294117645
2021-04-13,0.0,1.021111111111111
2021-04-14,0.0,0.9916666666666666
2021-04-15,0.0,0.9605555555555555
2021-04-16,0.0,0.9327777777777777
2021-04-17,0.0,0.9055555555555556
2021-04-18,0.0,0.8788888888888889
2021-04-19,0.0,0.8533333333333333
2021-04-20,0.0,0.8266666666666667
2021-04-21,0.0,0.8033333333333333
2021-04-22,0.0,1.1068421052631578
2021-04-23,0.0,1.0736842105263158
2021-04-24,0.0,1.043157894736842
2021-04-25,0.0,1.0121052631578948
2021-04-26,0.0,0.9805263157894736
2021-04-27,0.0,0.9531578947368421
2021-04-28,0.0,0.9236842105263157
2021-04-29,0.0,0.8963157894736843
2021-04-30,0.0,0.8705263157894736
2021-05-01,0.0,0.8436842105263158
2021-05-02,0.0,0.8205263157894737
2021-05-03,0.0,0.7952631578947368
2021-05-04,0.0,0.33399999999999996
2021-05-05,0.0,0.3235
2021-05-06,0.0,0.31449999999999995
2021-05-07,0.0,0.30500000000000005
2021-05-08,0.0,0.29500000000000004
2021-05-09,0.0,0.28650000000000003
2021-05-10,0.0,0.279
2021-05-11,0.0,0.271
2021-05-12,0.0,0.263
2021-05-13,0.0,0.255
2021-05-14,0.0,0.26105263157894737
2021-05-15,0.0,0.2526315789473685
2021-05-16,0.0,0.2473684210526316
2021-05-17,0.0,0.23789473684210524
2021-05-18,0.0,0.2310526315789474
2021-05-19,0.0,-0.187
2021-05-20,0.0,-0.1815
2021-05-21,0.0,0.22500000000000003
2021-05-22,0.0,0.21750000000000003
2021-05-23,0.0,0.21150000000000008
2021-05-24,0.0,0.2045
2021-05-25,0.0,0.20049999999999998
2021-05-26,0.0,0.19299999999999998
2021-05-27,0.0,0.188
2021-05-28,0.0,0.19210526315789472
2021-05-29,0.0,0.18631578947368424
2021-05-30,0.0,0.18105263157894738
2021-05-31,0.0,0.30238095238095236
2021-06-01,9.0,0.29238095238095235
2021-06-02,8.73,0.6813636363636364
2021-06-03,8.48,0.6622727272727272
2021-06-04,8.23,0.6404545454545455
2021-06-05,7.98,0.6227272727272727
2021-06-06,7.75,0.604090909090909
2021-06-07,7.52,0.5868181818181818
2021-06-08,7.3,0.5681818181818182
2021-06-09,7.079999999999999,0.5509090909090909
2021-06-10,6.869999999999999,0.7295652173913044
2021-06-11,6.67,0.7082608695652174
2021-06-12,6.47,0.6878260869565217
2021-06-13,6.28,1.01375
2021-06-14,6.09,0.9829166666666667
2021-06-15,5.91,1.196
2021-06-16,5.740000000000001,1.1503703703703703
2021-06-17,5.57,1.115185185185185
2021-06-18,5.4,0.8296428571428571
2021-06-19,5.24,0.8053571428571428
2021-06-20,5.089999999999999,0.7810714285714285
2021-06-21,4.94,0.7582142857142856
2021-06-22,4.79,0.4341379310344827
2021-06-23,4.65,0.42137931034482756
2021-06-24,4.51,0.4089655172413793
2021-06-25,4.38,-0.048064516129032266
2021-06-26,4.25,-0.04645161290322579
2021-06-27,4.13,-0.04516129032258063
2021-06-28,4.0,-0.04225806451612905
2021-06-29,3.89,-0.04225806451612899
2021-06-30,3.77,-0.04193548387096771
2021-07-01,6.553333333333334,0.148125
2021-07-02,6.3566666666666665,-0.011515151515151494
2021-07-03,6.170000000000001,-0.010937499999999984
2021-07-04,5.986666666666667,-0.010624999999999954
2021-07-05,5.816666666666666,-0.010937500000000036
2021-07-06,5.6433333333333335,-0.010312500000000002
2021-07-07,5.473333333333333,-0.009687500000000007
2021-07-08,5.3100000000000005,-0.010000000000000014
2021-07-09,5.153333333333333,-0.009374999999999994
2021-07-10,5.003333333333334,0.23363636363636367
2021-07-11,4.8566666666666665,0.22727272727272727
2021-07-12,4.71,0.22060606060606056
2021-07-13,4.57,0.21454545454545457
2021-07-14,4.44,0.20696969696969694
2021-07-15,4.306666666666667,0.20151515151515154
2021-07-16,4.176666666666666,0.19454545454545452
2021-07-17,4.053333333333334,0.18969696969696975
2021-07-18,3.933333333333333,0.18363636363636368
2021-07-19,3.816666666666667,0.17878787878787883
2021-07-20,3.7033333333333327,0.4038235294117647
2021-07-21,3.5966666666666662,0.36916666666666664
2021-07-22,3.4899999999999998,0.16054054054054054
2021-07-23,3.3833333333333333,0.15513513513513513
2021-07-24,3.2866666666666666,0.15108108108108106
2021-07-25,3.186666666666667,0.14648648648648643
2021-07-26,3.0966666666666662,0.14162162162162162
2021-07-27,3.006666666666667,0.35378378378378383
2021-07-28,2.9166666666666665,0.34243243243243243
2021-07-29,2.8266666666666667,0.33297297297297296
2021-07-30,2.7433333333333336,0.3319444444444444
2021-07-31,2.663333333333333,0.3216666666666666
2021-08-01,3.94,0.5472972972972973
2021-08-02,3.82,0.7273684210526316
2021-08-03,3.7075000000000005,0.7065789473684211
2021-08-04,3.5974999999999997,0.7238888888888889
2021-08-05,3.4949999999999997,0.7225714285714285
2021-08-06,3.3925,0.4313888888888889
2021-08-07,3.2925,0.41888888888888887
2021-08-08,3.1925000000000003,0.40638888888888886
2021-08-09,3.0974999999999997,0.62
2021-08-10,3.0075000000000003,0.6028205128205127
2021-08-11,2.92,0.5830769230769232
2021-08-12,2.8325,0.5823684210526315
2021-08-13,2.7475,0.34487179487179487
2021-08-14,2.67,0.20149999999999996
2021-08-15,2.5875,0.19649999999999998
2021-08-16,2.51,0.06317073170731709
2021-08-17,2.435,0.06325000000000003
2021-08-18,2.3675,0.06150000000000004
2021-08-19,2.295,0.0605
2021-08-20,2.23,0.060512820512820524
2021-08-21,2.1599999999999997,0.058205128205128194
2021-08-22,2.0974999999999997,0.05692307692307694
2021-08-23,2.0349999999999997,0.054615384615384635
2021-08-24,1.9725000000000001,0.25175
2021-08-25,1.9175,0.24500000000000002
2021-08-26,1.86,0.08463414634146339
2021-08-27,1.8075,0.0826829268292683
2021-08-28,1.75,0.07975609756097556
2021-08-29,1.6975,-0.11452380952380956
2021-08-30,1.6475000000000002,0.3261363636363636
2021-08-31,1.6,0.3156818181818181
2021-09-01,3.0460000000000003,0.5215555555555556
2021-09-02,2.952,0.34369565217391307
2021-09-03,2.866,0.3334782608695652
2021-09-04,2.782,0.3243478260869565
2021-09-05,2.698,0.3145652173913043
2021-09-06,2.62,0.12829787234042553
2021-09-07,2.5439999999999996,0.28833333333333333
2021-09-08,2.4680000000000004,0.2797916666666667
2021-09-09,2.3939999999999997,0.42897959183673473
2021-09-10,2.322,0.5676
2021-09-11,2.254,0.4033333333333333
2021-09-12,2.1900000000000004,0.3909803921568627
2021-09-13,2.124,0.37999999999999995
2021-09-14,2.06,0.20846153846153848
2021-09-15,1.998,0.04754716981132077
2021-09-16,1.9380000000000002,0.0456603773584906
2021-09-17,1.8820000000000003,-0.17581818181818176
2021-09-18,1.828,-0.3107142857142857
2021-09-19,1.774,-0.30124999999999996
2021-09-20,1.72,-0.2917857142857143
2021-09-21,1.6680000000000001,-0.28321428571428564
2021-09-22,1.618,-0.27553571428571433
2021-09-23,1.57,-0.2675
2021-09-24,1.5239999999999998,-0.2641818181818182
2021-09-25,1.484,-0.25690909090909086
2021-09-26,1.438,-0.24854545454545451
2021-09-27,1.396,-0.24181818181818182
2021-09-28,1.35,-0.23381818181818181
2021-09-29,1.316,-0.2951785714285714
2021-09-30,1.274,-0.2591379310344828
2021-10-01,1.2380000000000002,-0.2517241379310345
2021-10-02,1.2,-0.245
2021-10-03,1.1680000000000001,-0.23620689655172414
2021-10-04,1.1280000000000001,-0.36689655172413793
2021-10-05,1.1,-0.2825423728813559
2021-10-06,1.066,-0.11950000000000002
2021-10-07,1.032,-0.2781967213114753
2021-10-08,1.004,-0.34645161290322574
2021-10-09,0.974,-0.3364516129032258
2021-10-10,0.946,-0.3267741935483871
2021-10-11,0.918,-0.40698412698412695
2021-10-12,0.8879999999999999,-0.39476190476190476
2021-10-13,0.8619999999999999,-0.38301587301587303
2021-10-14,0.8380000000000001,-0.24109375000000002
2021-10-15,0.8099999999999999,-0.23359375
2021-10-16,0.788,-0.22718750000000001
2021-10-17,0.7619999999999999,-0.09384615384615387
2021-10-18,0.742,-0.09092307692307694
2021-10-19,0.722,-0.08861538461538462
2021-10-20,0.702,-0.08703125
2021-10-21,0.68,0.039999999999999994
2021-10-22,0.658,0.03861538461538461
2021-10-23,0.638,0.036769230769230776
2021-10-24,0.62,-0.07045454545454545
2021-10-25,0.602,-0.06863636363636365
2021-10-26,0.586,0.039701492537313435
2021-10-27,0.5680000000000001,0.17044117647058823
2021-10-28,0.5519999999999999,0.1648529411764706
2021-10-29,0.534,0.0418840579710145
2021-10-30,0.518,0.0401449275362319
2021-10-31,0.504,0.16714285714285715
2021-11-01,0.48800000000000004,0.16228571428571428
2021-11-02,0.47200000000000003,0.16
2021-11-03,0.462,0.03885714285714284
2021-11-04,0.444,0.03785714285714284
2021-11-05,0.434,0.0371014492753623
2021-11-06,0.42000000000000004,0.03565217391304346
2021-11-07,0.41,0.034492753623188405
2021-11-08,0.394,0.033188405797101465
2021-11-09,0.386,0.032941176470588224
2021-11-10,0.372,0.03102941176470588
2021-11-11,0.364,0.031029411764705875
2021-11-12,0.35,0.029705882352941186
2021-11-13,0.33999999999999997,-0.0879710144927536
2021-11-14,0.332,0.030714285714285725
2021-11-15,0.32,0.02914285714285713
2021-11-16,0.312,0.028428571428571452
2021-11-17,0.3,0.027714285714285733
2021-11-18,0.292,-0.08714285714285712
2021-11-19,0.286,-0.08442857142857142
2021-11-20,0.27599999999999997,-0.08171428571428571
2021-11-21,0.268,0.14472222222222225
2021-11-22,0.262,0.14027777777777778
2021-11-23,0.252,0.1355555555555556
2021-11-24,0.244,0.021232876712328763
2021-11-25,0.23800000000000002,0.02068493150684931
2021-11-26,0.228,0.019726027397260266
2021-11-27,0.222,0.019178082191780806
2021-11-28,0.21800000000000003,0.018767123287671265
2021-11-29,0.212,0.017671232876712323
2021-11-30,0.20199999999999999,0.01819444444444446
2021-12-01,0.2,0.017222222222222184
2021-12-02,0.194,-0.12041095890410958
2021-12-03,0.186,-0.11671232876712327
2021-12-04,0.18000000000000002,-0.11328767123287674
2021-12-05,0.17400000000000002,-0.1101369863013699
2021-12-06,0.17200000000000001,0.002972972972972958
2021-12-07,0.166,0.0025675675675675825
2021-12-08,0.164,0.0031081081081081137
2021-12-09,0.154,0.00243243243243245
2021-12-10,0.152,0.0024324324324324046
2021-12-11,0.146,0.0024324324324324284
2021-12-12,0.144,0.12279999999999995
2021-12-13,0.13999999999999999,0.22236842105263158
2021-12-14,0.134,0.21513157894736842
2021-12-15,0.13,0.3031645569620254
2021-12-16,0.12400000000000001,0.2939240506329114
2021-12-17,0.122,0.2887179487179487
2021-12-18,0.118,0.28115384615384614
2021-12-19,0.116,0.27205128205128204
2021-12-20,0.114,0.26384615384615384
2021-12-21,0.106,0.15164556962025316
2021-12-22,0.10400000000000001,0.24600000000000002
2021-12-23,0.102,0.23787499999999998
2021-12-24,0.09799999999999999,0.23087500000000002
2021-12-25,0.09799999999999999,0.13493827160493824
2021-12-26,0.096,0.019634146341463408
2021-12-27,0.092,0.1182716049382716
2021-12-28,0.09000000000000001,0.11469135802469135
2021-12-29,0.08800000000000001,0.11200000000000002
2021-12-30,0.084,0.10862499999999999
2021-12-31,0.08,0.105625
2022-01-01,0.07600000000000001,0.102625
2022-01-02,0.07400000000000001,0.09925
2022-01-03,0.07400000000000001,0.09675
2022-01-04,0.07,0.09349999999999997
2022-01-05,0.07,0.091
2022-01-06,0.068,0.08936708860759493
2022-01-07,0.066,0.08670886075949367
2022-01-08,0.066,-0.028874999999999994
2022-01-09,0.062,0.07137500000000001
2022-01-10,0.057999999999999996,0.06949999999999998
2022-01-11,0.056,0.06721518987341771
2022-01-12,0.05600000000000001,0.0674025974025974
2022-01-13,0.054,0.06506493506493506
2022-01-14,0.052000000000000005,0.06434210526315791
2022-01-15,0.05,0.06276315789473684
2022-01-16,0.05,0.1638961038961039
2022-01-17,0.048,0.15870129870129868
2022-01-18,0.04800000000000001,0.15657894736842104
2022-01-19,0.046,0.1518421052631579
2022-01-20,0.046,0.14710526315789474
2022-01-21,0.044000000000000004,0.1477027027027027
2022-01-22,0.041999999999999996,0.14297297297297296
2022-01-23,0.041999999999999996,0.1385135135135135
2022-01-24,0.041999999999999996,0.13445945945945945
2022-01-25,0.04,0.13027027027027027
2022-01-26,0.04,0.12675675675675677
2022-01-27,0.036000000000000004,0.12438356164383561
2022-01-28,0.034,0.12263888888888888
2022-01-29,0.034,0.1184722222222222
2022-01-30,0.032,0.1158333333333333
2022-01-31,0.029999999999999995,0.11208333333333334
2022-02-01,2.4499999999999997,0.10916666666666666
2022-02-02,2.377142857142857,0.10569444444444444
2022-02-03,2.3085714285714287,0.10222222222222221
2022-02-04,2.24,0.09958333333333333
2022-02-05,2.174285714285714,0.1651388888888889
2022-02-06,2.1100000000000003,0.16069444444444447
2022-02-07,2.047142857142857,0.15555555555555556
2022-02-08,1.9857142857142858,0.15166666666666667
2022-02-09,1.927142857142857,0.1475
2022-02-10,1.87,0.14305555555555555
2022-02-11,1.8157142857142856,0.13805555555555554
2022-02-12,1.7614285714285713,0.13416666666666668
2022-02-13,1.7085714285714286,0.13041666666666668
2022-02-14,1.6585714285714286,0.12680555555555556
2022-02-15,1.6099999999999999,0.12464788732394366
2022-02-16,1.562857142857143,0.12405797101449274
2022-02-17,1.5171428571428573,0.25072463768115943
2022-02-18,1.47,0.24333333333333335
2022-02-19,1.4271428571428573,0.36214285714285716
2022-02-20,1.3857142857142857,0.35100000000000003
2022-02-21,1.3457142857142856,0.34071428571428575
2022-02-22,1.3057142857142856,0.3349275362318841
2022-02-23,1.2671428571428571,0.32492753623188403
2022-02-24,1.2299999999999998,0.3156521739130435
2022-02-25,1.1928571428571428,0.3060869565217391
2022-02-26,1.1585714285714286,0.29768115942028983
2022-02-27,1.124285714285714,0.2927941176470588
2022-02-28,1.0899999999999999,0.2880597014925373
2022-03-01,1.0585714285714287,0.2795522388059702
2022-03-02,1.0271428571428571,0.27134328358208953
2022-03-03,0.9971428571428572,0.26313432835820894
2022-03-04,0.9657142857142857,0.3744776119402985
2022-03-05,0.9357142857142858,0.49073529411764705
2022-03-06,0.9071428571428571,0.47617647058823537
2022-03-07,0.8814285714285715,0.48323076923076924
2022-03-08,0.8557142857142856,0.34060606060606063
2022-03-09,0.8314285714285714,0.33030303030303027
2022-03-10,0.8071428571428572,0.45029850746268657
2022-03-11,0.7828571428571429,0.44378787878787884
2022-03-12,0.7585714285714286,0.4372307692307692
2022-03-13,0.7371428571428572,0.4253846153846154
2022-03-14,0.7157142857142856,0.41828125000000005
2022-03-15,0.6942857142857142,0.40609375000000003
2022-03-16,0.6742857142857143,0.39375
2022-03-17,0.6528571428571429,0.3834375
2022-03-18,0.6328571428571428,0.37140625000000005
2022-03-19,0.6142857142857142,0.36078125
2022-03-20,0.5971428571428571,0.35000000000000003
2022-03-21,0.58,0.339375
2022-03-22,0.5628571428571428,0.3336507936507937
2022-03-23,0.5471428571428572,0.3238095238095238
2022-03-24,0.53,0.31967741935483873
2022-03-25,0.5142857142857142,0.31032258064516133
2022-03-26,0.5,0.3017741935483871
2022-03-27,0.4842857142857143,0.43806451612903224
2022-03-28,0.4714285714285714,0.43816666666666676
2022-03-29,0.45714285714285713,0.2873770491803279
2022-03-30,0.4442857142857143,0.2843333333333333
2022-03-31,0.43,0.2796610169491525
2022-04-01,0.41714285714285715,0.2711864406779661
2022-04-02,0.4057142857142857,0.2627118644067797
2022-04-03,0.39142857142857146,0.3845
2022-04-04,0.38,0.29116666666666663
2022-04-05,0.36857142857142855,0.28661016949152546
2022-04-06,0.35714285714285715,0.27847457627118644
2022-04-07,0.34714285714285714,0.2744827586206896
2022-04-08,0.33571428571428574,0.27070175438596494
2022-04-09,0.3271428571428572,0.2669642857142857
2022-04-10,0.3171428571428571,0.34210526315789475
2022-04-11,0.30857142857142855,0.33263157894736844
2022-04-12,0.2985714285714286,0.3283928571428572
2022-04-13,0.29000000000000004,0.3250909090909091
2022-04-14,0.2814285714285715,0.16696428571428568
2022-04-15,0.2742857142857143,0.019818181818181815
2022-04-16,0.2657142857142857,0.020370370370370365
2022-04-17,0.2571428571428572,0.019259259259259278
2022-04-18,0.25,0.01851851851851852
2022-04-19,0.24142857142857144,0.01777777777777779
2022-04-20,0.2357142857142857,0.017962962962962976
2022-04-21,0.22857142857142854,0.0174074074074074
2022-04-22,0.22285714285714284,0.016296296296296274
2022-04-23,0.21428571428571427,0.01648148148148146
2022-04-24,0.20857142857142857,0.19709090909090907
2022-04-25,0.20285714285714287,0.19145454545454543
2022-04-26,0.1957142857142857,0.18563636363636363
2022-04-27,0.18999999999999997,0.18333333333333332
2022-04-28,0.18571428571428572,-0.13611111111111113
2022-04-29,0.18000000000000002,-0.13185185185185186
2022-04-30,0.17428571428571427,-0.1277777777777778
2022-05-01,-0.8524999999999999,-0.12500000000000003
2022-05-02,-0.8262499999999999,-0.1232075471698113
2022-05-03,-0.80125,-0.12211538461538461
2022-05-04,-0.7775,-0.12098039215686271
2022-05-05,-0.75625,-0.11899999999999998
2022-05-06,-0.7324999999999999,-0.11755102040816326
2022-05-07,-0.71125,-0.21240000000000003
2022-05-08,-0.6887500000000001,-0.39803921568627443
2022-05-09,-0.67,-0.39339999999999997
2022-05-10,-0.65125,-0.3824
2022-05-11,-0.6325,-0.3702
2022-05-12,-0.6124999999999999,-0.3673469387755102
2022-05-13,-0.595,-0.35653061224489796
2022-05-14,-0.5775,-0.3463265306122449
2022-05-15,-0.5612499999999999,-0.34229166666666666
2022-05-16,-0.54375,-0.3329166666666667
2022-05-17,-0.5275,-0.3229166666666667
2022-05-18,-0.5125,-0.31333333333333335
2022-05-19,-0.4975,-0.3108510638297872
2022-05-20,-0.4825,-0.3025531914893617
2022-05-21,-0.46874999999999994,-0.29340425531914893
2022-05-22,-0.45375,-0.2897826086956522
2022-05-23,-0.43999999999999995,-0.2821739130434783
2022-05-24,-0.42749999999999994,-0.2797777777777778
2022-05-25,-0.41500000000000004,-0.27772727272727277
2022-05-26,-0.40375,-0.2697727272727273
2022-05-27,-0.39125,-0.2672093023255814
2022-05-28,-0.37875,-0.25976744186046513
2022-05-29,-0.3675,-0.4386046511627907
2022-05-30,-0.3575,-0.42534883720930233
2022-05-31,-0.34625,-0.19840909090909092
2022-06-01,-1.0766666666666667,-0.19720930232558131
2022-06-02,-1.0444444444444445,-0.19186046511627902
2022-06-03,-1.0133333333333334,-0.18651162790697673
2022-06-04,-0.9844444444444445,-0.18069767441860463
2022-06-05,-0.9555555555555556,-0.1741860465116279
2022-06-06,-0.9266666666666666,-0.17023255813953486
2022-06-07,-0.9,-0.16511627906976745
2022-06-08,-0.8722222222222222,-0.16093023255813954
2022-06-09,-0.8477777777777777,-0.15441860465116278
2022-06-10,-0.821111111111111,-0.15093023255813953
2022-06-11,-0.798888888888889,-0.1495238095238095
2022-06-12,-0.7733333333333333,-0.14780487804878048
2022-06-13,-0.7511111111111112,-0.14414634146341462
2022-06-14,-0.728888888888889,-0.1395121951219512
2022-06-15,-0.7077777777777776,-0.13609756097560977
2022-06-16,-0.6855555555555555,-0.13475
2022-06-17,-0.6655555555555556,-0.13074999999999995
2022-06-18,-0.6466666666666667,-0.12724999999999997
2022-06-19,-0.6277777777777779,-0.13157894736842105
2022-06-20,-0.61,0.0558974358974359
2022-06-21,-0.591111111111111,0.05487179487179489
2022-06-22,-0.5733333333333333,0.05499999999999999
2022-06-23,-0.5566666666666666,-0.15307692307692305
2022-06-24,-0.5399999999999999,-0.14897435897435898
2022-06-25,-0.5244444444444445,-0.14461538461538462
2022-06-26,-0.508888888888889,-0.14025641025641028
2022-06-27,-0.4944444444444444,-0.13743589743589743
2022-06-28,-0.47777777777777775,-0.13179487179487182
2022-06-29,-0.4644444444444445,-0.12846153846153846
2022-06-30,-0.45111111111111113,-0.12710526315789472
2022-07-01,0.406,-0.12368421052631579
2022-07-02,0.394,-0.12000000000000001
2022-07-03,0.381,-0.11631578947368422
2022-07-04,0.37099999999999994,-0.1156756756756757
2022-07-05,0.361,-0.11270270270270272
2022-07-06,0.3509999999999999,-0.10945945945945942
2022-07-07,0.33799999999999997,-0.10567567567567568
2022-07-08,0.328,-0.10297297297297296
2022-07-09,0.31899999999999995,-0.1
2022-07-10,0.311,-0.10055555555555556
2022-07-11,0.301,-0.10057142857142856
2022-07-12,0.29100000000000004,-0.09685714285714285
2022-07-13,0.28200000000000003,-0.10709677419354839
2022-07-14,0.275,-0.10322580645161288
2022-07-15,0.26799999999999996,-0.10096774193548384
2022-07-16,0.25899999999999995,-0.09838709677419355
2022-07-17,0.251,-0.09580645161290322
2022-07-18,0.243,-0.09225806451612903
2022-07-19,0.23600000000000004,-0.092
2022-07-20,0.22899999999999993,-0.09206896551724139
2022-07-21,0.22299999999999995,-0.09103448275862071
2022-07-22,0.21599999999999997,-0.08689655172413795
2022-07-23,0.21,-0.08785714285714286
2022-07-24,0.20299999999999999,-0.08814814814814814
2022-07-25,0.197,-0.38111111111111107
2022-07-26,0.19199999999999995,-0.3696296296296297
2022-07-27,0.18699999999999997,-0.35851851851851857
2022-07-28,0.18,-0.3485185185185185
2022-07-29,0.17500000000000002,-0.3388888888888889
2022-07-30,0.17,-0.3288888888888889
2022-07-31,0.165,-0.3181481481481482
2022-08-01,0.161,-0.30888888888888894
2022-08-02,0.155,-0.30074074074074075
2022-08-03,0.15000000000000002,-0.2922222222222222
2022-08-04,0.146,-0.4878571428571428
2022-08-05,0.141,-0.4721428571428572
2022-08-06,0.13700000000000004,-0.47481481481481475
2022-08-07,0.134,-0.47884615384615387
2022-08-08,0.13,-0.4646153846153846
2022-08-09,0.126,-0.4515384615384615
2022-08-10,0.12200000000000001,-0.43807692307692303
2022-08-11,0.119,-0.42423076923076924
2022-08-12,0.116,-0.4119230769230769
2022-08-13,0.11200000000000002,-0.6807407407407408
2022-08-14,0.10900000000000001,-0.6876923076923077
2022-08-15,0.10499999999999998,-0.8274074074074075
2022-08-16,0.10199999999999998,-0.8022222222222222
2022-08-17,0.09899999999999999,-1.0378571428571428
2022-08-18,0.09699999999999999,-1.0067857142857142
2022-08-19,0.09300000000000001,-0.9764285714285713
2022-08-20,0.09000000000000001,-0.9475
2022-08-21,0.08700000000000001,-0.6124137931034482
2022-08-22,0.08499999999999999,-0.5944827586206897
2022-08-23,0.08299999999999999,-0.5772413793103448
2022-08-24,0.081,-0.56
2022-08-25,0.078,-0.5431034482758621
2022-08-26,0.076,-0.5275862068965518
2022-08-27,0.075,-0.5120689655172413
2022-08-28,0.071,-0.496551724137931
2022-08-29,0.07000000000000002,-0.48206896551724143
2022-08-30,0.06700000000000002,-0.4679310344827586
2022-08-31,0.064,-0.453448275862069
2022-09-01,0.064,-0.6916666666666667
2022-09-02,0.06199999999999999,-0.6716666666666666
2022-09-03,0.05799999999999999,-0.6748275862068965
2022-09-04,0.05799999999999998,-0.3333333333333333
2022-09-05,0.055000000000000014,-0.32366666666666666
2022-09-06,0.054000000000000006,-0.31399999999999995
2022-09-07,0.052000000000000005,-0.5525806451612902
2022-09-08,0.051000000000000004,-0.5364516129032257
2022-09-09,0.048999999999999995,-0.5196774193548387
2022-09-10,0.047999999999999994,-0.5045161290322581
2022-09-11,0.046000000000000006,-0.49032258064516127
2022-09-12,0.046,-0.475483870967742
2022-09-13,0.044,-0.4612903225806452
2022-09-14,0.041999999999999996,-0.4470967741935484
2022-09-15,0.041999999999999996,-0.44966666666666666
2022-09-16,0.04,-0.437
2022-09-17,0.04,-0.43896551724137933
2022-09-18,0.038,-0.11133333333333333
2022-09-19,0.037,-0.10800000000000001
2022-09-20,0.036,-0.10466666666666663
2022-09-21,0.035,-0.1016666666666666
2022-09-22,0.033,-0.09899999999999996
2022-09-23,0.033,-0.09666666666666668
2022-09-24,0.032,-0.3803225806451613
2022-09-25,0.031,-0.36935483870967745
2022-09-26,0.031,-0.35903225806451605
2022-09-27,0.029999999999999995,-0.34774193548387095
2022-09-28,0.028000000000000004,-0.3370967741935484
2022-09-29,0.028000000000000004,-0.3264516129032259
2022-09-30,0.027,-0.32899999999999996
2022-10-01,-0.6118181818181818,-0.3306896551724138
2022-10-02,-0.5936363636363636,-0.3210344827586206
2022-10-03,-0.5763636363636363,-0.035000000000000024
2022-10-04,-0.5590909090909092,-0.03413793103448277
2022-10-05,-0.5436363636363636,-0.03275862068965515
2022-10-06,-0.5272727272727272,-0.034285714285714315
2022-10-07,-0.5127272727272727,-0.03250000000000004
2022-10-08,-0.49727272727272726,-0.03071428571428573
2022-10-09,-0.4827272727272727,-0.03142857142857145
2022-10-10,-0.46818181818181814,-0.029642857142857144
2022-10-11,-0.45454545454545453,-0.028928571428571446
2022-10-12,-0.44181818181818183,-0.028571428571428564
2022-10-13,-0.4290909090909091,-0.02785714285714286
2022-10-14,-0.41545454545454547,-0.026428571428571444
2022-10-15,-0.4036363636363636,-0.025000000000000036
2022-10-16,-0.39090909090909093,-0.024285714285714306
2022-10-17,-0.38,-0.023928571428571428
2022-10-18,-0.36909090909090914,-0.023571428571428577
2022-10-19,-0.35727272727272724,-0.263448275862069
2022-10-20,-0.3472727272727273,-0.2558620689655173
2022-10-21,-0.33636363636363636,-0.24896551724137927
2022-10-22,-0.32727272727272727,-0.2406896551724138
2022-10-23,-0.31727272727272726,-0.24285714285714288
2022-10-24,-0.30818181818181817,-0.235
2022-10-25,-0.2990909090909091,-0.2359259259259259
2022-10-26,-0.29090909090909095,-0.23
2022-10-27,-0.2818181818181818,-0.2225925925925926
2022-10-28,-0.2727272727272727,-0.6148275862068966
2022-10-29,-0.2654545454545455,-0.5958620689655172
2022-10-30,-0.2572727272727273,-0.6007142857142858
2022-10-31,-0.2490909090909091,-0.6037037037037037
2022-11-01,-0.7216666666666667,-0.5866666666666667
2022-11-02,-0.7008333333333334,-0.5685185185185185
2022-11-03,-0.68,-0.5518518518518518
2022-11-04,-0.6591666666666667,-0.5359259259259259
2022-11-05,-0.64,-0.52
2022-11-06,-0.6216666666666667,-0.5238461538461539
2022-11-07,-0.6033333333333334,-0.5084615384615385
2022-11-08,-0.5858333333333333,-0.49384615384615377
2022-11-09,-0.5683333333333334,-0.47884615384615375
2022-11-10,-0.5508333333333333,-0.4832
2022-11-11,-0.5341666666666667,-0.4883333333333333
2022-11-12,-0.5191666666666666,-0.47333333333333333
2022-11-13,-0.5041666666666668,-0.45999999999999996
2022-11-14,-0.4883333333333333,-0.4454166666666667
2022-11-15,-0.4741666666666667,-0.4320833333333333
2022-11-16,-0.4608333333333333,-0.16239999999999996
2022-11-17,-0.44666666666666666,-0.15840000000000004
2022-11-18,-0.43333333333333335,-0.1536
2022-11-19,-0.42083333333333334,-0.14919999999999994
2022-11-20,-0.4083333333333334,-0.15124999999999997
2022-11-21,-0.39666666666666667,-0.14666666666666664
2022-11-22,-0.385,-0.1425
2022-11-23,-0.3741666666666667,-0.13833333333333334
2022-11-24,-0.3633333333333333,-0.14500000000000002
2022-11-25,-0.35083333333333333,-0.14045454545454544
2022-11-26,-0.3408333333333333,-0.1368181818181818
2022-11-27,-0.33083333333333337,-0.1322727272727273
2022-11-28,-0.32083333333333336,-0.12727272727272726
2022-11-29,-0.31083333333333335,-0.12409090909090911
2022-11-30,-0.3025,-0.12090909090909091
2022-12-01,-0.29333333333333333,-0.1168181818181818
2022-12-02,-0.28500000000000003,-0.11499999999999999
2022-12-03,-0.27666666666666667,-0.1161904761904762
2022-12-04,-0.26916666666666667,-0.1165
2022-12-05,-0.26083333333333336,-0.1135
2022-12-06,-0.2525,-0.11099999999999999
2022-12-07,-0.245,-0.10650000000000001
2022-12-08,-0.2375,-0.1045
2022-12-09,-0.23083333333333333,-0.09899999999999999
2022-12-10,-0.22416666666666668,0.33619047619047615
2022-12-11,-0.2175,0.32476190476190475
2022-12-12,-0.21083333333333334,0.31619047619047624
2022-12-13,-0.2041666666666667,0.3071428571428571
2022-12-14,-0.19916666666666666,0.2976190476190476
2022-12-15,-0.19333333333333333,-0.1336363636363637
2022-12-16,-0.18833333333333332,-0.1295454545454546
2022-12-17,-0.18166666666666667,-0.1254545454545455
2022-12-18,-0.17583333333333334,-0.12181818181818181
2022-12-19,-0.17083333333333334,-0.46043478260869564
2022-12-20,-0.16666666666666666,-0.4482608695652174
2022-12-21,-0.1625,-0.4334782608695652
2022-12-22,-0.1575,-0.42130434782608694
2022-12-23,-0.15166666666666667,-0.4091304347826087
2022-12-24,-0.14666666666666667,-0.3969565217391304
2022-12-25,-0.14333333333333334,-0.40136363636363637
2022-12-26,-0.13833333333333334,0.01826086956521739
2022-12-27,-0.13416666666666668,0.016363636363636372
2022-12-28,-0.13083333333333333,-0.331304347826087
2022-12-29,-0.12583333333333332,-0.9756
2022-12-30,-0.12333333333333332,-1.2946153846153847
2022-12-31,-0.12,-1.2569230769230768
2023-01-01,-0.6453846153846153,-1.2207692307692308
2023-01-02,-0.6253846153846153,-1.1834615384615383
2023-01-03,-0.6076923076923078,-1.148076923076923
2023-01-04,-0.5892307692307692,-1.1146153846153846
2023-01-05,-0.5715384615384616,-1.0807692307692307
2023-01-06,-0.5546153846153845,-1.05
2023-01-07,-0.5384615384615384,-1.0192307692307692
2023-01-08,-0.5223076923076923,-0.988076923076923
2023-01-09,-0.5076923076923077,-0.9588461538461538
2023-01-10,-0.49230769230769234,-0.9315384615384615
2023-01-11,-0.47846153846153844,-0.9030769230769231
2023-01-12,-0.46384615384615385,-0.8773076923076922
2023-01-13,-0.44999999999999996,-0.8507692307692307
2023-01-14,-0.43692307692307697,-0.8265384615384616
2023-01-15,-0.4238461538461538,-0.8011538461538462
2023-01-16,-0.4107692307692308,-0.8084
2023-01-17,-0.3992307692307692,-0.4857692307692308
2023-01-18,-0.38769230769230767,-0.47269230769230774
2023-01-19,-0.37615384615384617,-0.47559999999999997
2023-01-20,-0.3646153846153846,-0.4616
2023-01-21,-0.35384615384615387,-0.44680000000000003
2023-01-22,-0.34384615384615386,-0.4348
2023-01-23,-0.33384615384615385,-0.7126923076923076
2023-01-24,-0.32307692307692304,-0.6923076923076923
2023-01-25,-0.31461538461538463,-0.6711538461538462
2023-01-26,-0.3046153846153846,-0.6523076923076924
2023-01-27,-0.29615384615384616,-0.6315384615384616
2023-01-28,-0.2876923076923077,-0.6142307692307692
2023-01-29,-0.2784615384615385,-0.5961538461538461
2023-01-30,-0.27,-0.5776923076923077
2023-01-31,-0.2623076923076923,-0.5603846153846154
2023-02-01,-0.25384615384615383,-0.5446153846153846
2023-02-02,-0.24692307692307694,-0.21259259259259256
2023-02-03,-0.23923076923076922,-0.2066666666666667
2023-02-04,-0.23230769230769233,-0.20074074074074072
2023-02-05,-0.22615384615384618,-0.1948148148148148
2023-02-06,-0.21923076923076923,-0.18851851851851856
2023-02-07,-0.2130769230769231,-0.1825925925925926
2023-02-08,-0.20615384615384616,-0.1774074074074074
2023-02-09,-0.2,-0.1718518518518518
2023-02-10,-0.19384615384615383,-0.16740740740740742
2023-02-11,-0.18846153846153843,-0.16111111111111107
2023-02-12,-0.18307692307692308,-0.15703703703703706
2023-02-13,-0.17692307692307693,-0.15259259259259256
2023-02-14,-0.17230769230769233,-0.1485185185185185
2023-02-15,-0.16615384615384615,-0.1433333333333333
2023-02-16,-0.16153846153846155,-0.13925925925925928
2023-02-17,-0.15692307692307692,-0.13592592592592592
2023-02-18,-0.1523076923076923,-0.13148148148148145
2023-02-19,-0.1476923076923077,-0.1285185185185185
2023-02-20,-0.14307692307692307,-0.12769230769230772
2023-02-21,-0.14,-0.12384615384615387
2023-02-22,-0.1346153846153846,-0.1207692307692308
2023-02-23,-0.13153846153846155,-0.11692307692307694
2023-02-24,-0.1276923076923077,-0.11307692307692305
2023-02-25,-0.12307692307692308,-0.1107692307692308
2023-02-26,-0.11923076923076924,-0.10653846153846155
2023-02-27,-0.11615384615384615,-0.1026923076923077
2023-02-28,-0.11307692307692307,-0.10000000000000002
2023-03-01,-0.7613333333333334,-0.09730769230769232
2023-03-02,-0.7386666666666667,-0.0988
2023-03-03,-0.7166666666666667,-0.09480000000000001
2023-03-04,-0.6966666666666667,-0.0932
2023-03-05,-0.676,-0.0892
2023-03-06,-0.6553333333333333,-0.08719999999999999
2023-03-07,-0.6373333333333333,-0.0852
2023-03-08,-0.6173333333333333,-0.08320000000000001
2023-03-09,-0.5993333333333334,-0.0796
2023-03-10,-0.5826666666666667,-0.07679999999999998
2023-03-11,-0.5640000000000001,-0.07708333333333334
2023-03-12,-0.5473333333333333,-0.07541666666666666
2023-03-13,-0.5313333333333333,-0.07608695652173914
2023-03-14,-0.5166666666666667,-0.07391304347826086
2023-03-15,-0.5013333333333333,-0.0731818181818182
2023-03-16,-0.486,-0.07045454545454545
2023-03-17,-0.4713333333333333,-0.06954545454545451
2023-03-18,-0.45799999999999996,-0.06727272727272728
2023-03-19,-0.44333333333333336,-0.07
2023-03-20,-0.43066666666666664,-0.06619047619047622
2023-03-21,-0.41733333333333333,-0.06571428571428573
2023-03-22,-0.406,-0.06238095238095239
2023-03-23,-0.39333333333333337,-0.06142857142857142
2023-03-24,-0.38266666666666665,-0.058571428571428566
2023-03-25,-0.3706666666666667,-0.05809523809523811
2023-03-26,-0.36,-0.05761904761904761
2023-03-27,-0.34933333333333333,-0.05476190476190476
2023-03-28,-0.338,-0.05285714285714285
2023-03-29,-0.32866666666666666,-0.05142857142857143
2023-03-30,-0.31866666666666665,-0.051000000000000004
2023-03-31,-0.30933333333333335,-0.05
2023-04-01,-0.3,-0.047999999999999994
2023-04-02,-0.29133333333333333,-0.04999999999999999
2023-04-03,-0.2833333333333333,-0.049473684210526316
2023-04-04,-0.27466666666666667,-0.49649999999999994
2023-04-05,-0.2673333333333333,-0.5047368421052632
2023-04-06,-0.2593333333333333,-0.4905263157894737
2023-04-07,-0.25066666666666665,-0.4757894736842106
2023-04-08,-0.24333333333333337,-0.4615789473684211
2023-04-09,-0.236,-0.876
2023-04-10,-0.23,-0.8490000000000001
2023-04-11,-0.22266666666666665,-0.825
2023-04-12,-0.21666666666666667,-0.8005000000000001
2023-04-13,-0.21066666666666664,-0.776
2023-04-14,-0.20400000000000001,-0.754
2023-04-15,-0.19799999999999998,-0.731
2023-04-16,-0.192,-0.7473684210526316
2023-04-17,-0.186,-0.7257894736842105
2023-04-18,-0.18,-0.7047368421052632
2023-04-19,-0.17533333333333334,-0.6842105263157895
2023-04-20,-0.17133333333333337,-0.6636842105263158
2023-04-21,-0.16533333333333336,-0.6431578947368422
2023-04-22,-0.16,-0.6572222222222222
2023-04-23,-0.15533333333333332,-0.6399999999999999
2023-04-24,-0.15066666666666667,-0.6211111111111112
2023-04-25,-0.14600000000000002,-0.6022222222222222
2023-04-26,-0.14133333333333334,-0.5833333333333334
2023-04-27,-0.13733333333333334,-0.5672222222222223
2023-04-28,-0.134,-0.5494444444444444
2023-04-29,-0.12933333333333333,-0.5338888888888889
2023-04-30,-0.12666666666666665,-0.5183333333333333
2023-05-01,-0.614375,-0.5323529411764706
2023-05-02,-0.5968749999999999,-0.5176470588235295
2023-05-03,-0.5787500000000001,-0.5017647058823529
2023-05-04,-0.5606249999999999,-0.4876470588235294
2023-05-05,-0.5449999999999999,-0.4735294117647059
2023-05-06,-0.5287499999999999,-0.4582352941176471
2023-05-07,-0.5131249999999999,-0.44470588235294123
2023-05-08,-0.49812500000000004,-0.4329411764705882
2023-05-09,-0.48312499999999997,-0.42000000000000004
2023-05-10,-0.469375,-0.40588235294117647
2023-05-11,-0.45499999999999996,-0.3958823529411765
2023-05-12,-0.4425,-0.38235294117647056
2023-05-13,-0.42875,-0.37176470588235294
2023-05-14,-0.41625,-0.36
2023-05-15,-0.40499999999999997,-0.35117647058823526
2023-05-16,-0.391875,-0.3388235294117647
2023-05-17,-0.38125000000000003,-0.7994117647058824
2023-05-18,-0.36874999999999997,-0.7752941176470588
2023-05-19,-0.35875,-0.7541176470588236
2023-05-20,-0.346875,-0.7311764705882353
2023-05-21,-0.336875,-0.71
2023-05-22,-0.3275,-0.6900000000000001
2023-05-23,-0.316875,-0.6676470588235294
2023-05-24,-0.308125,-0.6476470588235294
2023-05-25,-0.29875,-0.6294117647058823
2023-05-26,-0.290625,-0.6900000000000001
2023-05-27,-0.2825,-0.6706666666666666
2023-05-28,-0.274375,-0.6506666666666666
2023-05-29,-0.265625,-0.6306666666666667
2023-05-30,-0.258125,-0.612
2023-05-31,-0.25,-0.594
2023-06-01,-0.243125,-0.5773333333333334
2023-06-02,-0.235,-0.5593333333333333
2023-06-03,-0.228125,-0.5419999999999999
2023-06-04,-0.22124999999999997,-0.526
2023-06-05,-0.215,-0.512
2023-06-06,-0.208125,-0.498
2023-06-07,-0.201875,-0.48133333333333334
2023-06-08,-0.196875,-0.4673333333333333
2023-06-09,-0.190625,-0.4533333333333333
2023-06-10,-0.185,-0.4406666666666667
2023-06-11,-0.17937499999999998,-0.42733333333333334
2023-06-12,-0.174375,-0.414
2023-06-13,-0.16875,-0.4013333333333334
2023-06-14,-0.16375,-0.4192857142857143
2023-06-15,-0.159375,-0.40785714285714286
2023-06-16,-0.15437499999999998,-0.39571428571428574
2023-06-17,-0.150625,-0.38357142857142856
2023-06-18,-0.14625,-0.37142857142857144
2023-06-19,-0.140625,-0.36
2023-06-20,-0.1375,-0.34785714285714286
2023-06-21,-0.1325,-0.33999999999999997
2023-06-22,-0.129375,-0.33
2023-06-23,-0.125,-0.32071428571428573
2023-06-24,-0.121875,-0.31
2023-06-25,-0.11812500000000001,-0.30142857142857143
2023-06-26,-0.114375,-0.2935714285714286
2023-06-27,-0.11124999999999999,-0.285
2023-06-28,-0.10687499999999998,-0.2764285714285714
2023-06-29,-0.10437500000000001,-0.2671428571428572
2023-06-30,-0.10062499999999999,-0.2592857142857143
2023-07-01,-0.098125,-0.2514285714285714
2023-07-02,-0.095,-0.24285714285714285
2023-07-03,-0.0925,-0.23500000000000001
2023-07-04,-0.09,-0.22999999999999998
2023-07-05,-0.086875,-0.22357142857142856
2023-07-06,-0.084375,-0.21714285714285714
2023-07-07,-0.0825,-0.21
2023-07-08,-0.07875,-0.22076923076923077
2023-07-09,-0.076875,-0.21461538461538462
2023-07-10,-0.075,-0.20692307692307693
2023-07-11,-0.073125,-0.2023076923076923
2023-07-12,-0.07,-0.19615384615384615
2023-07-13,-0.06874999999999999,-0.20666666666666667
2023-07-14,-0.066875,-0.19916666666666663
2023-07-15,-0.06375,-0.1925
2023-07-16,-0.0625,-0.1875
2023-07-17,-0.060625,-0.19636363636363638
2023-07-18,-0.059375,-0.19181818181818186
2023-07-19,-0.056875,-0.18454545454545457
2023-07-20,-0.055624999999999994,-0.17909090909090908
2023-07-21,-0.05374999999999999,-0.17454545454545453
2023-07-22,-0.0525,-0.1690909090909091
2023-07-23,-0.05125,-0.16454545454545455
2023-07-24,-0.04875,-0.177
2023-07-25,-0.046875,-0.173
2023-07-26,-0.04625,-0.18444444444444444
2023-07-27,-0.045,-0.22428571428571425
2023-07-28,-0.04374999999999999,-0.25166666666666665
2023-07-29,-0.0425,-0.245
2023-07-30,-0.040625,-0.23666666666666666
2023-07-31,-0.039375,-0.2283333333333333
2023-08-01,-0.03875,-0.22166666666666665
2023-08-02,-0.0375,-0.21666666666666667
2023-08-03,-0.036875,-0.21166666666666667
2023-08-04,-0.035625,-0.20333333333333334
2023-08-05,-0.035,-0.19666666666666666
2023-08-06,-0.033125,-0.18999999999999997
2023-08-07,-0.031875,-0.18500000000000003
2023-08-08,-0.03125,-0.18000000000000002
2023-08-09,-0.030625000000000003,-0.17333333333333334
2023-08-10,-0.03,-0.16833333333333333
2023-08-11,-0.029375000000000002,-0.16666666666666666
2023-08-12,-0.028125,-0.16
2023-08-13,-0.027499999999999997,-0.15666666666666665
2023-08-14,-0.025625,-0.15166666666666667
2023-08-15,-0.025,-0.18
2023-08-16,-0.024375,-0.174
2023-08-17,-0.02375,-0.16999999999999998
2023-08-18,-0.023125,-0.16399999999999998
2023-08-19,-0.023125,-0.16
2023-08-20,-0.0225,-0.154
2023-08-21,-0.021875000000000002,-0.1825
2023-08-22,-0.02125,-0.1775
2023-08-23,-0.020625,-0.16999999999999998
2023-08-24,-0.02,-0.16749999999999998
2023-08-25,-0.01875,-0.16
2023-08-26,-0.018125,-0.1575
2023-08-27,-0.0175,-0.1525
2023-08-28,-0.0175,-0.145
2023-08-29,-0.016875,-0.1425
2023-08-30,-0.01625,-0.1375
2023-08-31,-0.015625,-0.18333333333333335
2023-09-01,-0.015,-0.18000000000000002
2023-09-02,-0.014374999999999999,-0.17333333333333334
2023-09-03,-0.014374999999999999,-0.16666666666666666
2023-09-04,-0.013749999999999998,-0.16666666666666666
2023-09-05,-0.013749999999999998,-0.16
2023-09-06,-0.013125,-0.15666666666666668
2023-09-07,-0.013125,-0.15
2023-09-08,-0.012499999999999999,-0.14333333333333334
2023-09-09,-0.012499999999999999,-0.13999999999999999
2023-09-10,-0.011874999999999998,-0.13999999999999999
2023-09-11,-0.010625,-0.13333333333333333
2023-09-12,-0.01,-0.12666666666666668
2023-09-13,-0.01,-0.12666666666666668
2023-09-14,-0.01,-0.12333333333333334
2023-09-15,-0.009375,-0.12
2023-09-16,-0.009375,-0.11333333333333333
2023-09-17,-0.008749999999999999,-0.11
2023-09-18,-0.008749999999999999,-0.10666666666666667
2023-09-19,-0.008749999999999999,-0.10666666666666667
2023-09-20,-0.008125,-0.10333333333333333
2023-09-21,-0.008125,-0.09666666666666666
2023-09-22,-0.008125,-0.09333333333333334
2023-09-23,-0.0075,-0.09333333333333334
2023-09-24,-0.0075,-0.09000000000000001
2023-09-25,-0.0075,-0.09000000000000001
2023-09-26,-0.006874999999999999,-0.08333333333333333
2023-09-27,-0.006874999999999999,-0.08333333333333333
2023-09-28,-0.006874999999999999,-0.07666666666666667
2023-09-29,-0.006874999999999999,-0.07666666666666667
2023-09-30,-0.0062499999999999995,-0.07666666666666667
2023-10-01,-0.0062499999999999995,-0.07333333333333333
2023-10-02,-0.0062499999999999995,-0.07333333333333333
2023-10-03,-0.0062499999999999995,-0.06666666666666667
2023-10-04,-0.005625000000000001,-0.06666666666666667
2023-10-05,-0.005625000000000001,-0.06666666666666667
2023-10-06,-0.005625000000000001,-0.06
2023-10-07,-0.005625000000000001,-0.06
2023-10-08,-0.005625000000000001,-0.06
2023-10-09,-0.005,-0.05666666666666667
2023-10-10,-0.005,-0.05666666666666667
2023-10-11,-0.005,-0.05333333333333334
2023-10-12,-0.005,-0.049999999999999996
2023-10-13,-0.005,-0.049999999999999996
2023-10-14,-0.004375,-0.049999999999999996
2023-10-15,-0.004375,-0.049999999999999996
2023-10-16,-0.004375,-0.04666666666666667
2023-10-17,-0.004375,-0.04666666666666667
2023-10-18,-0.0031250000000000006,-0.043333333333333335
2023-10-19,-0.0031250000000000006,-0.043333333333333335
2023-10-20,-0.0031250000000000006,-0.04
2023-10-21,-0.0025,-0.04
2023-10-22,-0.0025,-0.04
2023-10-23,-0.0025,-0.036666666666666674
2023-10-24,-0.0025,-0.036666666666666674
2023-10-25,-0.0025,-0.03333333333333333
2023-10-26,-0.0025,-0.03333333333333333
2023-10-27,-0.0025,-0.03333333333333333
2023-10-28,-0.0025,-0.03333333333333333
2023-10-29,-0.0025,-0.03333333333333333
2023-10-30,-0.001875,-0.03
2023-10-31,-0.001875,-0.035
2023-11-01,-0.001875,-0.035
2023-11-02,-0.001875,-0.035
2023-11-03,-0.001875,-0.035
2023-11-04,-0.001875,-0.035
2023-11-05,-0.001875,-0.05
2023-11-06,-0.001875,-0.04
2023-11-07,-0.001875,-0.04
2023-11-08,-0.001875,-0.04
2023-11-09,-0.001875,-0.04
2023-11-10,-0.00125,-0.04
2023-11-11,-0.00125,-0.04
2023-11-12,-0.00125,-0.04
2023-11-13,-0.00125,-0.04
2023-11-14,-0.00125,-0.04
2023-11-15,-0.00125,-0.03
2023-11-16,-0.00125,-0.03
2023-11-17,-0.00125,-0.03
2023-11-18,-0.0013333333333333333,-0.029999999999999995
2023-11-19,-0.0013333333333333333,-0.029999999999999995
2023-11-20,-0.0013333333333333333,-0.029999999999999995
2023-11-21,-0.0013333333333333333,-0.029999999999999995
2023-11-22,-0.0013333333333333333,-0.029999999999999995
2023-11-23,-0.0013333333333333333,-0.029999999999999995
2023-11-24,-0.0013333333333333333,-0.029999999999999995
2023-11-25,-0.0013333333333333333,-0.029999999999999995
2023-11-26,-0.0013333333333333333,-0.02
2023-11-27,-0.0006666666666666666,-0.02
2023-11-28,-0.0006666666666666666,-0.02
2023-11-29,-0.0006666666666666666,-0.02
2023-11-30,-0.0006666666666666666,-0.02
2023-12-01,-0.0006666666666666666,-0.02
2023-12-02,-0.0006666666666666666,-0.02
2023-12-03,-0.0006666666666666666,-0.02
2023-12-04,-0.0006666666666666666,-0.02
2023-12-05,-0.0006666666666666666,-0.02
2023-12-06,-0.0006666666666666666,-0.02
2023-12-07,-0.0006666666666666666,-0.02
2023-12-08,-0.0006666666666666666,-0.02
2023-12-09,-0.0006666666666666666,-0.02
2023-12-10,-0.0006666666666666666,-0.02
2023-12-11,-0.0006666666666666666,-0.02
2023-12-12,-0.0006666666666666666,-0.02
2023-12-13,-0.0006666666666666666,0.0
2023-12-14,-0.0006666666666666666,0.0
2023-12-15,-0.0006666666666666666,0.0
2023-12-16,-0.0006666666666666666,0.0
2023-12-17,-0.0006666666666666666,0.0
2023-12-18,-0.0007692307692307692,0.0
2023-12-19,-0.0007692307692307692,0.0
2023-12-20,-0.0007692307692307692,0.0
2023-12-21,-0.0007692307692307692,0.0
2023-12-22,-0.0007692307692307692,0.0
2023-12-23,-0.0007692307692307692,0.0
2023-12-24,-0.0007692307692307692,0.0
2023-12-25,-0.0007692307692307692,0.0
2023-12-26,-0.0007692307692307692,0.0
2023-12-27,-0.0007692307692307692,0.0
2023-12-28,-0.0007692307692307692,0.0
2023-12-29,-0.0007692307692307692,0.0
2023-12-30,-0.0007692307692307692,0.0
2023-12-31,-0.0007692307692307692,0.0
2024-01-01,-0.0007692307692307692,0.0
2024-01-02,0.0,0.0
2024-01-03,0.0,0.0
2024-01-04,0.0,0.0
2024-01-05,0.0,0.0
2024-01-06,0.0,0.0
2024-01-07,0.0,0.0
2024-01-08,0.0,0.0
2024-01-09,0.0,0.0
2024-01-10,0.0,0.0
2024-01-11,0.0,0.0
2024-01-12,0.0,0.0
2024-01-13,0.0,0.0
2024-01-14,0.0,0.0
2024-01-15,0.0,0.0
2024-01-16,0.0,0.0
2024-01-17,0.0,0.0
2024-01-18,0.0,0.0
2024-01-19,0.0,0.0
2024-01-20,0.0,0.0
2024-01-21,0.0,0.0
2024-01-22,0.0,0.0
2024-01-23,0.0,0.0
2024-01-24,0.0,0.0
2024-01-25,0.0,0.0
2024-01-26,0.0,0.0
2024-01-27,0.0,0.0
2024-01-28,0.0,0.0
2024-01-29,0.0,0.0
2024-01-30,0.0,0.0
2024-01-31,0.0,0.0
2024-02-01,0.0,0.0
2024-02-02,0.0,0.0
2024-02-03,0.0,0.0
2024-02-04,0.0,0.0
2024-02-05,0.0,0.0
2024-02-06,0.0,0.0
2024-02-07,0.0,0.0
2024-02-08,0.0,0.0
2024-02-09,0.0,0.0
2024-02-10,0.0,0.0
2024-02-11,0.0,0.0
2024-02-12,0.0,0.0
2024-02-13,0.0,0.0
2024-02-14,0.0,0.0
2024-02-15,0.0,0.0
2024-02-16,0.0,0.0
2024-02-17,0.0,0.0
2024-02-18,0.0,0.0
2024-02-19,0.0,0.0
2024-02-20,0.0,0.0
2024-02-21,0.0,0.0
2024-02-22,0.0,0.0
2024-02-23,0.0,0.0
2024-02-24,0.0,0.0
2024-02-25,0.0,0.0
2024-02-26,0.0,0.0
2024-02-27,0.0,0.0
2024-02-28,0.0,0.0
2024-02-29,0.0,0.0
2024-03-01,0.0,0.0
2024-03-02,0.0,0.0
2024-03-03,0.0,0.0
2024-03-04,0.0,0.0
2024-03-05,0.0,0.0
2024-03-06,0.0,0.0
2024-03-07,0.0,0.0
2024-03-08,0.0,0.0
2024-03-09,0.0,0.0
2024-03-10,0.0,0.0
2024-03-11,0.0,0.0
2024-03-12,0.0,0.0
2024-03-13,0.0,0.0
2024-03-14,0.0,0.0
2024-03-15,0.0,0.0
2024-03-16,0.0,0.0
2024-03-17,0.0,0.0
2024-03-18,0.0,0.0
2024-03-19,0.0,0.0
2024-03-20,0.0,0.0
2024-03-21,0.0,0.0
2024-03-22,0.0,0.0
2024-03-23,0.0,0.0
2024-03-24,0.0,0.0
2024-03-25,0.0,0.0
2024-03-26,0.0,0.0
2024-03-27,0.0,0.0
2024-03-28,0.0,0.0
2024-03-29,0.0,0.0
2024-03-30,0.0,0.0
2024-03-31,0.0,0.0
2024-04-01,0.0,0.0
2024-04-02,0.0,0.0
2024-04-03,0.0,0.0
2024-04-04,0.0,0.0
2024-04-05,0.0,0.0
2024-04-06,0.0,0.0
2024-04-07,0.0,0.0
2024-04-08,0.0,0.0
2024-04-09,0.0,0.0
2024-04-10,0.0,0.0
2024-04-11,0.0,0.0
2024-04-12,0.0,0.0
2024-04-13,0.0,0.0
2024-04-14,0.0,0.0
2024-04-15,0.0,0.0
2024-04-16,0.0,0.0
2024-04-17,0.0,0.0
2024-04-18,0.0,0.0
2024-04-19,0.0,0.0
2024-04-20,0.0,0.0
2024-04-21,0.0,0.0
2024-04-22,0.0,0.0
2024-04-23,0.0,0.0
2024-04-24,0.0,0.0
2024-04-25,0.0,0.0
2024-04-26,0.0,0.0
2024-04-27,0.0,0.0
2024-04-28,0.0,0.0
2024-04-29,0.0,0.0
2024-04-30,0.0,0.0
2024-05-01,0.0,0.0
2024-05-02,0.0,0.0
2024-05-03,0.0,0.0
2024-05-04,0.0,0.0
2024-05-05,0.0,0.0
2024-05-06,0.0,0.0
2024-05-07,0.0,0.0
2024-05-08,0.0,0.0
2024-05-09,0.0,0.0
2024-05-10,0.0,0.0
2024-05-11,0.0,0.0
2024-05-12,0.0,0.0
2024-05-13,0.0,0.0
2024-05-14,0.0,0.0
2024-05-15,0.0,0.0
2024-05-16,0.0,0.0
2024-05-17,0.0,0.0
2024-05-18,0.0,0.0
2024-05-19,0.0,0.0
2024-05-20,0.0,0.0
2024-05-21,0.0,0.0
2024-05-22,0.0,0.0
2024-05-23,0.0,0.0
2024-05-24,0.0,0.0
2024-05-25,0.0,0.0
2024-05-26,0.0,0.0
2024-05-27,0.0,0.0
2024-05-28,0.0,0.0
2024-05-29,0.0,0.0
2024-05-30,0.0,0.0
2024-05-31,0.0,0.0
2024-06-01,0.0,0.0
2024-06-02,0.0,0.0
2024-06-03,0.0,0.0
2024-06-04,0.0,0.0
2024-06-05,0.0,0.0
2024-06-06,0.0,0.0
2024-06-07,0.0,0.0
2024-06-08,0.0,0.0
2024-06-09,0.0,0.0
2024-06-10,0.0,0.0
2024-06-11,0.0,0.0
2024-06-12,0.0,0.0
2024-06-13,0.0,0.0
2024-06-14,0.0,0.0
2024-06-15,0.0,0.0
2024-06-16,0.0,0.0
2024-06-17,0.0,0.0
2024-06-18,0.0,0.0
2024-06-19,0.0,0.0
2024-06-20,0.0,0.0
2024-06-21,0.0,0.0
2024-06-22,0.0,0.0
2024-06-23,0.0,0.0
2024-06-24,0.0,0.0
2024-06-25,0.0,0.0
2024-06-26,0.0,0.0
2024-06-27,0.0,0.0
2024-06-28,0.0,0.0
2024-06-29,0.0,0.0
2024-06-30,0.0,0.0
2024-07-01,0.0,0.0
2024-07-02,0.0,0.0
2024-07-03,0.0,0.0
2024-07-04,0.0,0.0
2024-07-05,0.0,0.0
2024-07-06,0.0,0.0
2024-07-07,0.0,0.0
2024-07-08,0.0,0.0
2024-07-09,0.0,0.0
2024-07-10,0.0,0.0
2024-07-11,0.0,0.0
2024-07-12,0.0,0.0
2024-07-13,0.0,0.0
2024-07-14,0.0,0.0
2024-07-15,0.0,0.0
2024-07-16,0.0,0.0
2024-07-17,0.0,0.0
2024-07-18,0.0,0.0
2024-07-19,0.0,0.0
2024-07-20,0.0,0.0
2024-07-21,0.0,0.0
2024-07-22,0.0,0.0
2024-07-23,0.0,0.0
2024-07-24,0.0,0.0
2024-07-25,0.0,0.0
2024-07-26,0.0,0.0
2024-07-27,0.0,0.0
2024-07-28,0.0,0.0
2024-07-29,0.0,0.0
2024-07-30,0.0,0.0
2024-07-31,0.0,0.0
2024-08-01,0.0,0.0
2024-08-02,0.0,0.0
2024-08-03,0.0,0.0
2024-08-04,0.0,0.0
2024-08-05,0.0,0.0
2024-08-06,0.0,0.0
2024-08-07,0.0,0.0
2024-08-08,0.0,0.0
2024-08-09,0.0,0.0
2024-08-10,0.0,0.0
2024-08-11,0.0,0.0
2024-08-12,0.0,0.0
2024-08-13,0.0,0.0
2024-08-14,0.0,0.0
2024-08-15,0.0,0.0
2024-08-16,0.0,0.0
2024-08-17,0.0,0.0
2024-08-18,0.0,0.0
2024-08-19,0.0,0.0
2024-08-20,0.0,0.0
2024-08-21,0.0,0.0
2024-08-22,0.0,0.0
2024-08-23,0.0,0.0
2024-08-24,0.0,0.0
2024-08-25,0.0,0.0
2024-08-26,0.0,0.0
2024-08-27,0.0,0.0
2024-08-28,0.0,0.0
2024-08-29,0.0,0.0
2024-08-30,0.0,0.0
2024-08-31,0.0,0.0
2024-09-01,0.0,0.0
2024-09-02,0.0,0.0
2024-09-03,0.0,0.0
2024-09-04,0.0,0.0
2024-09-05,0.0,0.0
2024-09-06,0.0,0.0
2024-09-07,0.0,0.0
2024-09-08,0.0,0.0
2024-09-09,0.0,0.0
2024-09-10,0.0,0.0
2024-09-11,0.0,0.0
2024-09-12,0.0,0.0
2024-09-13,0.0,0.0
2024-09-14,0.0,0.0
2024-09-15,0.0,0.0
2024-09-16,0.0,0.0
2024-09-17,0.0,0.0
2024-09-18,0.0,0.0
2024-09-19,0.0,0.0
2024-09-20,0.0,0.0
2024-09-21,0.0,0.0
2024-09-22,0.0,0.0
2024-09-23,0.0,0.0
2024-09-24,0.0,0.0
2024-09-25,0.0,0.0
2024-09-26,0.0,0.0
2024-09-27,0.0,0.0
2024-09-28,0.0,0.0
2024-09-29,0.0,0.0
2024-09-30,0.0,0.0
2024-10-01,0.0,0.0
2024-10-02,0.0,0.0
2024-10-03,0.0,0.0
2024-10-04,0.0,0.0
2024-10-05,0.0,0.0
2024-10-06,0.0,0.0
2024-10-07,0.0,0.0
2024-10-08,0.0,0.0
2024-10-09,0.0,0.0
2024-10-10,0.0,0.0
2024-10-11,0.0,0.0
2024-10-12,0.0,0.0
2024-10-13,0.0,0.0
2024-10-14,0.0,0.0
2024-10-15,0.0,0.0
2024-10-16,0.0,0.0
2024-10-17,0.0,0.0
2024-10-18,0.0,0.0
2024-10-19,0.0,0.0
2024-10-20,0.0,0.0
2024-10-21,0.0,0.0
2024-10-22,0.0,0.0
2024-10-23,0.0,0.0
2024-10-24,0.0,0.0
2024-10-25,0.0,0.0
2024-10-26,0.0,0.0
2024-10-27,0.0,0.0
2024-10-28,0.0,0.0
2024-10-29,0.0,0.0
2024-10-30,0.0,0.0
2024-10-31,0.0,0.0
2024-11-01,0.0,0.0
2024-11-02,0.0,0.0
2024-11-03,0.0,0.0
2024-11-04,0.0,0.0
2024-11-05,0.0,0.0
2024-11-06,0.0,0.0
2024-11-07,0.0,0.0
2024-11-08,0.0,0.0
2024-11-09,0.0,0.0
2024-11-10,0.0,0.0
2024-11-11,0.0,0.0
2024-11-12,0.0,0.0
2024-11-13,0.0,0.0
2024-11-14,0.0,0.0
2024-11-15,0.0,0.0
2024-11-16,0.0,0.0
2024-11-17,0.0,0.0
2024-11-18,0.0,0.0
2024-11-19,0.0,0.0
2024-11-20,0.0,0.0
2024-11-21,0.0,0.0
2024-11-22,0.0,0.0
2024-11-23,0.0,0.0
2024-11-24,0.0,0.0
2024-11-25,0.0,0.0
2024-11-26,0.0,0.0
2024-11-27,0.0,0.0
2024-11-28,0.0,0.0
2024-11-29,0.0,0.0
2024-11-30,0.0,0.0
2024-12-01,0.0,0.0
2024-12-02,0.0,0.0
2024-12-03,0.0,0.0
2024-12-04,0.0,0.0
2024-12-05,0.0,0.0
2024-12-06,0.0,0.0
2024-12-07,0.0,0.0
2024-12-08,0.0,0.0
2024-12-09,0.0,0.0
2024-12-10,0.0,0.0
2024-12-11,0.0,0.0
2024-12-12,0.0,0.0
2024-12-13,0.0,0.0
2024-12-14,0.0,0.0
2024-12-15,0.0,0.0
2024-12-16,0.0,0.0
2024-12-17,0.0,0.0
2024-12-18,0.0,0.0
2024-12-19,0.0,0.0
2024-12-20,0.0,0.0
2024-12-21,0.0,0.0
2024-12-22,0.0,0.0
2024-12-23,0.0,0.0
2024-12-24,0.0,0.0
2024-12-25,0.0,0.0
2024-12-26,0.0,0.0
2024-12-27,0.0,0.0
2024-12-28,0.0,0.0
2024-12-29,0.0,0.0
2024-12-30,0.0,0.0
2024-12-31,0.0,0.0
2025-01-01,0.0,0.0
2025-01-02,0.0,0.0
2025-01-03,0.0,0.0
2025-01-04,0.0,0.0
2025-01-05,0.0,0.0
2025-01-06,0.0,0.0
2025-01-07,0.0,0.0
2025-01-08,0.0,0.0
2025-01-09,0.0,0.0
2025-01-10,0.0,0.0
2025-01-11,0.0,0.0
2025-01-12,0.0,0.0
2025-01-13,0.0,0.0
2025-01-14,0.0,0.0
2025-01-15,0.0,0.0
2025-01-16,0.0,0.0
2025-01-17,0.0,0.0
2025-01-18,0.0,0.0
2025-01-19,0.0,0.0
2025-01-20,0.0,0.0
2025-01-21,0.0,0.0
2025-01-22,0.0,0.0
2025-01-23,0.0,0.0
2025-01-24,0.0,0.0
2025-01-25,0.0,0.0
2025-01-26,0.0,0.0
2025-01-27,0.0,0.0
2025-01-28,0.0,0.0
2025-01-29,0.0,0.0
2025-01-30,0.0,0.0
2025-01-31,0.0,0.0
2025-02-01,0.0,0.0
2025-02-02,0.0,0.0
2025-02-03,0.0,0.0
2025-02-04,0.0,0.0
2025-02-05,0.0,0.0
2025-02-06,0.0,0.0
2025-02-07,0.0,0.0
2025-02-08,0.0,0.0
2025-02-09,0.0,0.0
2025-02-10,0.0,0.0
2025-02-11,0.0,0.0
2025-02-12,0.0,0.0
2025-02-13,0.0,0.0
2025-02-14,0.0,0.0
2025-02-15,0.0,0.0
2025-02-16,0.0,0.0
2025-02-17,0.0,0.0
2025-02-18,0.0,0.0
2025-02-19,0.0,0.0
2025-02-20,0.0,0.0
2025-02-21,0.0,0.0
2025-02-22,0.0,0.0
2025-02-23,0.0,0.0
2025-02-24,0.0,0.0
2025-02-25,0.0,0.0
2025-02-26,0.0,0.0
2025-02-27,0.0,0.0
2025-02-28,0.0,0.0
2025-03-01,0.0,0.0
2025-03-02,0.0,0.0
2025-03-03,0.0,0.0
2025-03-04,0.0,0.0
2025-03-05,0.0,0.0
2025-03-06,0.0,0.0
2025-03-07,0.0,0.0
2025-03-08,0.0,0.0
2025-03-09,0.0,0.0
2025-03-10,0.0,0.0
2025-03-11,0.0,0.0
2025-03-12,0.0,0.0
2025-03-13,0.0,0.0
2025-03-14,0.0,0.0
2025-03-15,0.0,0.0
2025-03-16,0.0,0.0
2025-03-17,0.0,0.0
2025-03-18,0.0,0.0
2025-03-19,0.0,0.0
2025-03-20,0.0,0.0
2025-03-21,0.0,0.0
2025-03-22,0.0,0.0
2025-03-23,0.0,0.0
2025-03-24,0.0,0.0
2025-03-25,0.0,0.0
2025-03-26,0.0,0.0
2025-03-27,0.0,0.0
2025-03-28,0.0,0.0
2025-03-29,0.0,0.0
2025-03-30,0.0,0.0
2025-03-31,0.0,0.0
2025-04-01,0.0,0.0
2025-04-02,0.0,0.0
2025-04-03,0.0,0.0
2025-04-04,0.0,0.0
2025-04-05,0.0,0.0
2025-04-06,0.0,0.0
2025-04-07,0.0,0.0
2025-04-08,0.0,0.0
2025-04-09,0.0,0.0
2025-04-10,0.0,0.0
2025-04-11,0.0,0.0
2025-04-12,0.0,0.0
2025-04-13,0.0,0.0
2025-04-14,0.0,0.0
2025-04-15,0.0,0.0
2025-04-16,0.0,0.0
2025-04-17,0.0,0.0
2025-04-18,0.0,0.0
2025-04-19,0.0,0.0
2025-04-20,0.0,0.0
2025-04-21,0.0,0.0
2025-04-22,0.0,0.0
2025-04-23,0.0,0.0
2025-04-24,0.0,0.0
2025-04-25,0.0,0.0
2025-04-26,0.0,0.0
2025-04-27,0.0,0.0
2025-04-28,0.0,0.0
2025-04-29,0.0,0.0
2025-04-30,0.0,0.0
2025-05-01,0.0,0.0
2025-05-02,0.0,0.0
2025-05-03,0.0,0.0
2025-05-04,0.0,0.0
2025-05-05,0.0,0.0
2025-05-06,0.0,0.0
2025-05-07,0.0,0.0
2025-05-08,0.0,0.0
2025-05-09,0.0,0.0
2025-05-10,0.0,0.0
2025-05-11,0.0,0.0
2025-05-12,0.0,0.0
2025-05-13,0.0,0.0
2025-05-14,0.0,0.0
2025-05-15,0.0,0.0
2025-05-16,0.0,0.0
2025-05-17,0.0,0.0
2025-05-18,0.0,0.0
2025-05-19,0.0,0.0
2025-05-20,0.0,0.0
2025-05-21,0.0,0.0
2025-05-22,0.0,0.0
2025-05-23,0.0,0.0
2025-05-24,0.0,0.0
2025-05-25,0.0,0.0
2025-05-26,0.0,0.0
2025-05-27,0.0,0.0
2025-05-28,0.0,0.0
2025-05-29,0.0,0.0
2025-05-30,0.0,0.0
2025-05-31,0.0,0.0
2025-06-01,0.0,0.0
2025-06-02,0.0,0.0
2025-06-03,0.0,0.0
2025-06-04,0.0,0.0
2025-06-05,0.0,0.0
2025-06-06,0.0,0.0
2025-06-07,0.0,0.0
2025-06-08,0.0,0.0
2025-06-09,0.0,0.0
2025-06-10,0.0,0.0
2025-06-11,0.0,0.0
2025-06-12,0.0,0.0
2025-06-13,0.0,0.0
2025-06-14,0.0,0.0
2025-06-15,0.0,0.0
2025-06-16,0.0,0.0
2025-06-17,0.0,0.0
2025-06-18,0.0,0.0
2025-06-19,0.0,0.0
2025-06-20,0.0,0.0
2025-06-21,0.0,0.0
2025-06-22,0.0,0.0
2025-06-23,0.0,0.0
2025-06-24,0.0,0.0
2025-06-25,0.0,0.0
2025-06-26,0.0,0.0
2025-06-27,0.0,0.0
2025-06-28,0.0,0.0
2025-06-29,0.0,0.0
2025-06-30,0.0,0.0
2025-07-01,0.0,0.0
2025-07-02,0.0,0.0
2025-07-03,0.0,0.0
2025-07-04,0.0,0.0
2025-07-05,0.0,0.0
2025-07-06,0.0,0.0
2025-07-07,0.0,0.0
2025-07-08,0.0,0.0
2025-07-09,0.0,0.0
2025-07-10,0.0,0.0
2025-07-11,0.0,0.0
2025-07-12,0.0,0.0
2025-07-13,0.0,0.0
2025-07-14,0.0,0.0
2025-07-15,0.0,0.0
2025-07-16,0.0,0.0
2025-07-17,0.0,0.0
2025-07-18,0.0,0.0
2025-07-19,0.0,0.0
2025-07-20,0.0,0.0
2025-07-21,0.0,0.0
2025-07-22,0.0,0.0
2025-07-23,0.0,0.0
2025-07-24,0.0,0.0
2025-07-25,0.0,0.0
2025-07-26,0.0,0.0
2025-07-27,0.0,0.0
2025-07-28,0.0,0.0
2025-07-29,0.0,0.0
2025-07-30,0.0,0.0
2025-07-31,0.0,0.0
2025-08-01,0.0,0.0
2025-08-02,0.0,0.0
2025-08-03,0.0,0.0
2025-08-04,0.0,0.0
2025-08-05,0.0,0.0
2025-08-06,0.0,0.0
2025-08-07,0.0,0.0
2025-08-08,0.0,0.0
2025-08-09,0.0,0.0
2025-08-10,0.0,0.0
2025-08-11,0.0,0.0
2025-08-12,0.0,0.0
2025-08-13,0.0,0.0
2025-08-14,0.0,0.0
2025-08-15,0.0,0.0
2025-08-16,0.0,0.0
2025-08-17,0.0,0.0
2025-08-18,0.0,0.0
2025-08-19,0.0,0.0
2025-08-20,0.0,0.0
2025-08-21,0.0,0.0
2025-08-22,0.0,0.0
2025-08-23,0.0,0.0
2025-08-24,0.0,0.0
2025-08-25,0.0,0.0
2025-08-26,0.0,0.0
2025-08-27,0.0,0.0
2025-08-28,0.0,0.0
2025-08-29,0.0,0.0
2025-08-30,0.0,0.0
2025-08-31,0.0,0.0
2025-09-01,0.0,0.0
2025-09-02,0.0,0.0
2025-09-03,0.0,0.0
2025-09-04,0.0,0.0
2025-09-05,0.0,0.0
2025-09-06,0.0,0.0
2025-09-07,0.0,0.0
2025-09-08,0.0,0.0
2025-09-09,0.0,0.0
2025-09-10,0.0,0.0
2025-09-11,0.0,0.0
2025-09-12,0.0,0.0
2025-09-13,0.0,0.0
2025-09-14,0.0,0.0
2025-09-15,0.0,0.0
2025-09-16,0.0,0.0
2025-09-17,0.0,0.0
2025-09-18,0.0,0.0
2025-09-19,0.0,0.0
2025-09-20,0.0,0.0
2025-09-21,0.0,0.0
2025-09-22,0.0,0.0
2025-09-23,0.0,0.0
2025-09-24,0.0,0.0
2025-09-25,0.0,0.0
2025-09-26,0.0,0.0
2025-09-27,0.0,0.0
2025-09-28,0.0,0.0
2025-09-29,0.0,0.0
2025-09-30,0.0,0.0
2025-10-01,0.0,0.0
2025-10-02,0.0,0.0
2025-10-03,0.0,0.0
2025-10-04,0.0,0.0
2025-10-05,0.0,0.0
2025-10-06,0.0,0.0
2025-10-07,0.0,0.0
2025-10-08,0.0,0.0
2025-10-09,0.0,0.0
2025-10-10,0.0,0.0
2025-10-11,0.0,0.0
2025-10-12,0.0,0.0
2025-10-13,0.0,0.0
2025-10-14,0.0,0.0
2025-10-15,0.0,0.0
2025-10-16,0.0,0.0
